USE MULTAS_CDMX;
/*
	POBLADO DE LA BASE MULTAS_CMDX
*/

-- Tabla Persona

INSERT INTO Persona([RFC],[Nombre],[Apellido_Paterno],[Apellido_Materno],[Genero],[Fecha_Nacimiento],[Telefono],[Correo_Electronico],[Estado],[Delegacion],[Colonia],[Calle],[Numero],[Codigo_Postal]) VALUES('LIPU850110RGB','Johnny','Dejesus','Wood','F','17/01/2015','69-92-14-23-94','Nullam.suscipit@sagittis.edu','Guanajuato','Coyoacan','SANTA MARIA','Valdés',992,48378);
INSERT INTO Persona([RFC],[Nombre],[Apellido_Paterno],[Apellido_Materno],[Genero],[Fecha_Nacimiento],[Telefono],[Correo_Electronico],[Estado],[Delegacion],[Colonia],[Calle],[Numero],[Codigo_Postal]) VALUES('QAHP060705DRW','Rose','Emerson','Hebert','M','01/09/2017','72-31-92-56-36','nibh.Aliquam@nonlacinia.co.uk','Morelos','Acapetahua','ATLAUTENCO','Romero',843,31629);
INSERT INTO Persona([RFC],[Nombre],[Apellido_Paterno],[Apellido_Materno],[Genero],[Fecha_Nacimiento],[Telefono],[Correo_Electronico],[Estado],[Delegacion],[Colonia],[Calle],[Numero],[Codigo_Postal]) VALUES('LOEM171224OOO','Polette','Levine','Melton','F','16/05/2017','14-38-43-54-35','eu.dui@enim.org','Chihuahua','Acambay de Ruiz Castaneda','CARACOL','Venegas',675,32630);
INSERT INTO Persona([RFC],[Nombre],[Apellido_Paterno],[Apellido_Materno],[Genero],[Fecha_Nacimiento],[Telefono],[Correo_Electronico],[Estado],[Delegacion],[Colonia],[Calle],[Numero],[Codigo_Postal]) VALUES('VOTE990725YEF','Avril','Williamson','Allison','F','08/02/2016','84-23-38-63-78','libero.mauris@quam.co.uk','Baja California','Iztacalco','SANTA MARIA','Sáez',906,71951);
INSERT INTO Persona([RFC],[Nombre],[Apellido_Paterno],[Apellido_Materno],[Genero],[Fecha_Nacimiento],[Telefono],[Correo_Electronico],[Estado],[Delegacion],[Colonia],[Calle],[Numero],[Codigo_Postal]) VALUES('QEMH931129MSE','Cintia','Bowen','Mcleod','F','25/04/2017','24-75-70-64-27','eu.placerat@Aliquamnec.edu','Quintana Roo','Xochimilco','EJERCITO','Henríquez',724,10326);
INSERT INTO Persona([RFC],[Nombre],[Apellido_Paterno],[Apellido_Materno],[Genero],[Fecha_Nacimiento],[Telefono],[Correo_Electronico],[Estado],[Delegacion],[Colonia],[Calle],[Numero],[Codigo_Postal]) VALUES('CERS730711FMX','Jeans','Cash','Mcfadden','F','19/05/2017','26-86-45-87-32','purus.mauris@loremac.org','Tamaulipas','Acala','CUAUTITLAN','Venegas',673,84699);
INSERT INTO Persona([RFC],[Nombre],[Apellido_Paterno],[Apellido_Materno],[Genero],[Fecha_Nacimiento],[Telefono],[Correo_Electronico],[Estado],[Delegacion],[Colonia],[Calle],[Numero],[Codigo_Postal]) VALUES('EODQ880227MVW','Jimmy','Park','Maddox','F','15/08/2015','21-76-35-32-57','Nunc.lectus@enimSuspendissealiquet.net','Coahuila','Álvaro Obregon','MADERO','Miranda',831,99452);
INSERT INTO Persona([RFC],[Nombre],[Apellido_Paterno],[Apellido_Materno],[Genero],[Fecha_Nacimiento],[Telefono],[Correo_Electronico],[Estado],[Delegacion],[Colonia],[Calle],[Numero],[Codigo_Postal]) VALUES('AEUN920608BVF','Nawel','Stout','Jimenez','M','09/06/2017','85-57-54-13-19','lacinia.orci@nequeNullam.edu','Quintana Roo','Álvaro Obregon','CARACOL','Ortiz',185,36202);
INSERT INTO Persona([RFC],[Nombre],[Apellido_Paterno],[Apellido_Materno],[Genero],[Fecha_Nacimiento],[Telefono],[Correo_Electronico],[Estado],[Delegacion],[Colonia],[Calle],[Numero],[Codigo_Postal]) VALUES('EIWJ040812KGA','Deisy','Logan','Powell','M','19/01/2015','03-56-73-18-10','accumsan.convallis@maurisa.org','Nayarit','Miguel Hidalgo','CARACOL','Tapia',582,87657);
INSERT INTO Persona([RFC],[Nombre],[Apellido_Paterno],[Apellido_Materno],[Genero],[Fecha_Nacimiento],[Telefono],[Correo_Electronico],[Estado],[Delegacion],[Colonia],[Calle],[Numero],[Codigo_Postal]) VALUES('FOLD960519KRI','Jeremmy','Craft','Steele','M','20/06/2015','44-94-70-83-38','vel.nisl@dictumaugue.net','Chiapas','Abasola','CARACOL','Zúñiga',660,52167);
INSERT INTO Persona([RFC],[Nombre],[Apellido_Paterno],[Apellido_Materno],[Genero],[Fecha_Nacimiento],[Telefono],[Correo_Electronico],[Estado],[Delegacion],[Colonia],[Calle],[Numero],[Codigo_Postal]) VALUES('EANT070504GAA','Gaspar','Fields','Mathis','M','27/06/2017','41-48-12-64-36','tempor.augue.ac@mattis.org','Jalisco','Xochimilco','SAN JUAN','Pérez',304,76360);
INSERT INTO Persona([RFC],[Nombre],[Apellido_Paterno],[Apellido_Materno],[Genero],[Fecha_Nacimiento],[Telefono],[Correo_Electronico],[Estado],[Delegacion],[Colonia],[Calle],[Numero],[Codigo_Postal]) VALUES('TUPG161218OQI','Alann','Long','Galloway','F','13/01/2016','66-97-90-88-52','ipsum.cursus@rutrum.ca','Guerrero','Abasola','ECATEPEC','Jara',482,78009);
INSERT INTO Persona([RFC],[Nombre],[Apellido_Paterno],[Apellido_Materno],[Genero],[Fecha_Nacimiento],[Telefono],[Correo_Electronico],[Estado],[Delegacion],[Colonia],[Calle],[Numero],[Codigo_Postal]) VALUES('AIPB890225LIA','Manuel','Delgado','Chandler','M','20/11/2015','06-57-11-93-42','ligula@nequeMorbi.ca','Tlaxcala','Álvaro Obregon','JILOTZINGO','Ruiz',950,32112);
INSERT INTO Persona([RFC],[Nombre],[Apellido_Paterno],[Apellido_Materno],[Genero],[Fecha_Nacimiento],[Telefono],[Correo_Electronico],[Estado],[Delegacion],[Colonia],[Calle],[Numero],[Codigo_Postal]) VALUES('LAZB920708VUZ','Bryan','Guthrie','Foreman','M','13/10/2015','92-11-98-65-52','erat.vel@posuere.co.uk','Michoacan','Milpa Alta','AGUA PRIETA','Sáez',163,78527);
INSERT INTO Persona([RFC],[Nombre],[Apellido_Paterno],[Apellido_Materno],[Genero],[Fecha_Nacimiento],[Telefono],[Correo_Electronico],[Estado],[Delegacion],[Colonia],[Calle],[Numero],[Codigo_Postal]) VALUES('UOEW841007QDE','Rose','Hogan','Brown','F','29/07/2016','25-14-99-14-82','Sed.nunc@adipiscingenimmi.org','Quintana Roo','Miguel Hidalgo','EJIDAL','Riquelme',572,15560);
INSERT INTO Persona([RFC],[Nombre],[Apellido_Paterno],[Apellido_Materno],[Genero],[Fecha_Nacimiento],[Telefono],[Correo_Electronico],[Estado],[Delegacion],[Colonia],[Calle],[Numero],[Codigo_Postal]) VALUES('CIFK040922JUN','Rodrigo','Olsen','Allen','M','17/01/2015','98-53-79-57-90','Aliquam.gravida.mauris@metus.edu','Morelos','Benito Juarez','EJERCITO DEL TRABAJO','Ramírez',332,59347);
INSERT INTO Persona([RFC],[Nombre],[Apellido_Paterno],[Apellido_Materno],[Genero],[Fecha_Nacimiento],[Telefono],[Correo_Electronico],[Estado],[Delegacion],[Colonia],[Calle],[Numero],[Codigo_Postal]) VALUES('PUBN900107ZHK','Josthyn','Cervantes','Estes','F','19/06/2015','14-38-11-98-40','felis@arcuCurabiturut.edu','Durango','Acajete','EJERCITO','Espinoza',300,80112);
INSERT INTO Persona([RFC],[Nombre],[Apellido_Paterno],[Apellido_Materno],[Genero],[Fecha_Nacimiento],[Telefono],[Correo_Electronico],[Estado],[Delegacion],[Colonia],[Calle],[Numero],[Codigo_Postal]) VALUES('DATL990813RTU','Bastián','Gay','Chapman','F','25/01/2016','59-49-96-54-59','amet.orci@Inscelerisque.org','Aguascalientes','Gustavo A. Madero','JILOTZINGO','Bustamante',282,60087);
INSERT INTO Persona([RFC],[Nombre],[Apellido_Paterno],[Apellido_Materno],[Genero],[Fecha_Nacimiento],[Telefono],[Correo_Electronico],[Estado],[Delegacion],[Colonia],[Calle],[Numero],[Codigo_Postal]) VALUES('YUSB120924NMY','Madeline','Serrano','Mcfadden','F','07/09/2017','12-66-88-52-67','felis@laciniamattis.edu','Morelos','Azcapotzalco','JILOTZINGO','Godoy',928,81160);
INSERT INTO Persona([RFC],[Nombre],[Apellido_Paterno],[Apellido_Materno],[Genero],[Fecha_Nacimiento],[Telefono],[Correo_Electronico],[Estado],[Delegacion],[Colonia],[Calle],[Numero],[Codigo_Postal]) VALUES('CUAU130214OZW','Amaro','Harper','Goodwin','M','20/01/2015','35-65-67-57-29','imperdiet.non.vestibulum@ipsumDonec.net','Chihuahua','Acapetahua','AXOTLAN','Espinoza',703,86263);
INSERT INTO Persona([RFC],[Nombre],[Apellido_Paterno],[Apellido_Materno],[Genero],[Fecha_Nacimiento],[Telefono],[Correo_Electronico],[Estado],[Delegacion],[Colonia],[Calle],[Numero],[Codigo_Postal]) VALUES('OUKG711221RJD','Anahi','Petersen','Howell','M','14/10/2015','74-95-76-93-17','sollicitudin@elementumpurus.ca','Puebla','Acambaro','EL PINO','Pizarro',767,82249);
INSERT INTO Persona([RFC],[Nombre],[Apellido_Paterno],[Apellido_Materno],[Genero],[Fecha_Nacimiento],[Telefono],[Correo_Electronico],[Estado],[Delegacion],[Colonia],[Calle],[Numero],[Codigo_Postal]) VALUES('FOMH760603SUO','Cristian','Avila','Boyd','F','08/03/2016','93-28-46-58-75','a.aliquet.vel@malesuadamalesuada.net','Guerrero','Tlalpan','SANTA MARIA','Muñoz',368,31317);
INSERT INTO Persona([RFC],[Nombre],[Apellido_Paterno],[Apellido_Materno],[Genero],[Fecha_Nacimiento],[Telefono],[Correo_Electronico],[Estado],[Delegacion],[Colonia],[Calle],[Numero],[Codigo_Postal]) VALUES('MESO760712WEO','Mayte','Bryan','Freeman','F','14/04/2017','54-57-31-28-84','vulputate@metussitamet.edu','Puebla','Iztapalapa','EJERCITO DEL TRABAJO','Sánchez',668,18531);
INSERT INTO Persona([RFC],[Nombre],[Apellido_Paterno],[Apellido_Materno],[Genero],[Fecha_Nacimiento],[Telefono],[Correo_Electronico],[Estado],[Delegacion],[Colonia],[Calle],[Numero],[Codigo_Postal]) VALUES('AUCP770407QUG','Ania','Salas','Lawson','F','14/08/2015','84-81-15-78-13','neque.In@inhendreritconsectetuer.co.uk','Colima','Benito Juarez','EL PINO','Godoy',425,88463);
INSERT INTO Persona([RFC],[Nombre],[Apellido_Paterno],[Apellido_Materno],[Genero],[Fecha_Nacimiento],[Telefono],[Correo_Electronico],[Estado],[Delegacion],[Colonia],[Calle],[Numero],[Codigo_Postal]) VALUES('WOPX070617FJO','Apolo','Saunders','Summers','M','15/12/2015','78-78-85-67-92','nunc@erat.org','Aguascalientes','Acala','EJERCITO DEL TRABAJO','Cáceres',804,53853);
INSERT INTO Persona([RFC],[Nombre],[Apellido_Paterno],[Apellido_Materno],[Genero],[Fecha_Nacimiento],[Telefono],[Correo_Electronico],[Estado],[Delegacion],[Colonia],[Calle],[Numero],[Codigo_Postal]) VALUES('MOQX050802VZM','Ivan','Burt','Lawrence','F','19/09/2016','69-53-32-68-32','egestas.Aliquam.nec@sagittisDuis.net','Nayarit','Acaponet','SAN SALVADOR','Bravo',241,61474);
INSERT INTO Persona([RFC],[Nombre],[Apellido_Paterno],[Apellido_Materno],[Genero],[Fecha_Nacimiento],[Telefono],[Correo_Electronico],[Estado],[Delegacion],[Colonia],[Calle],[Numero],[Codigo_Postal]) VALUES('RIFY190114ERM','Ivania','Travis','Singleton','F','27/06/2017','73-31-55-35-37','ligula.Donec.luctus@neque.co.uk','Estado de Mexico','Milpa Alta','CUAUTITLAN','García',691,13646);
INSERT INTO Persona([RFC],[Nombre],[Apellido_Paterno],[Apellido_Materno],[Genero],[Fecha_Nacimiento],[Telefono],[Correo_Electronico],[Estado],[Delegacion],[Colonia],[Calle],[Numero],[Codigo_Postal]) VALUES('FORL721016JWR','Andre','White','Deleon','M','28/09/2015','74-46-91-75-53','aliquam.arcu.Aliquam@fringillaornare.edu','Tabasco','Abasole','EL PINO','Ortega',95,31255);
INSERT INTO Persona([RFC],[Nombre],[Apellido_Paterno],[Apellido_Materno],[Genero],[Fecha_Nacimiento],[Telefono],[Correo_Electronico],[Estado],[Delegacion],[Colonia],[Calle],[Numero],[Codigo_Postal]) VALUES('AOTR800129MRV','Abram','Sheppard','Ruiz','M','12/10/2015','37-54-50-81-27','Duis.dignissim.tempor@euodiotristique.net','Durango','Acajete','CUAUTITLAN','Rojas',729,82770);
INSERT INTO Persona([RFC],[Nombre],[Apellido_Paterno],[Apellido_Materno],[Genero],[Fecha_Nacimiento],[Telefono],[Correo_Electronico],[Estado],[Delegacion],[Colonia],[Calle],[Numero],[Codigo_Postal]) VALUES('SEST101010NZT','Abril','Mcintyre','Dudley','M','16/12/2015','16-68-24-12-45','sagittis.augue@dolorsitamet.com','Veracruz','Abasola','ETULTITLAN','Miranda',512,27412);
INSERT INTO Persona([RFC],[Nombre],[Apellido_Paterno],[Apellido_Materno],[Genero],[Fecha_Nacimiento],[Telefono],[Correo_Electronico],[Estado],[Delegacion],[Colonia],[Calle],[Numero],[Codigo_Postal]) VALUES('AUWT781203XGN','Yuliana','Chang','Kidd','F','09/06/2015','31-22-12-45-24','Curabitur.consequat@aarcuSed.co.uk','Colima','Acacoyagua','MAZATLA','Yáñez',589,75073);
INSERT INTO Persona([RFC],[Nombre],[Apellido_Paterno],[Apellido_Materno],[Genero],[Fecha_Nacimiento],[Telefono],[Correo_Electronico],[Estado],[Delegacion],[Colonia],[Calle],[Numero],[Codigo_Postal]) VALUES('MAQE011222QGD','Valery','Mcmahon','Peck','M','30/03/2015','95-44-35-63-56','amet.metus@vehiculaet.co.uk','Sinaloa','Abala','MADERO','Alvarado',936,46059);
INSERT INTO Persona([RFC],[Nombre],[Apellido_Paterno],[Apellido_Materno],[Genero],[Fecha_Nacimiento],[Telefono],[Correo_Electronico],[Estado],[Delegacion],[Colonia],[Calle],[Numero],[Codigo_Postal]) VALUES('YOVE890723QBS','Frank','Hutchinson','Bennett','F','18/05/2016','23-31-24-36-67','faucibus.orci.luctus@nibh.org','Jalisco','Coyoacan','CARACOL','Cortés',249,44267);
INSERT INTO Persona([RFC],[Nombre],[Apellido_Paterno],[Apellido_Materno],[Genero],[Fecha_Nacimiento],[Telefono],[Correo_Electronico],[Estado],[Delegacion],[Colonia],[Calle],[Numero],[Codigo_Postal]) VALUES('PEYQ930727NTA','Lucciano','Casey','Knapp','F','29/11/2015','28-63-98-45-36','justo.Proin@vitaeodio.ca','Puebla','Abasolu','SAN ISIDRO','Tapia',211,79999);
INSERT INTO Persona([RFC],[Nombre],[Apellido_Paterno],[Apellido_Materno],[Genero],[Fecha_Nacimiento],[Telefono],[Correo_Electronico],[Estado],[Delegacion],[Colonia],[Calle],[Numero],[Codigo_Postal]) VALUES('EITV060303EFX','Marianela','Bowen','Tran','M','26/11/2017','77-34-71-83-36','lorem@sed.co.uk','Guanajuato','Benito Juarez','LOS PINOS','Farías',947,50143);
INSERT INTO Persona([RFC],[Nombre],[Apellido_Paterno],[Apellido_Materno],[Genero],[Fecha_Nacimiento],[Telefono],[Correo_Electronico],[Estado],[Delegacion],[Colonia],[Calle],[Numero],[Codigo_Postal]) VALUES('OIYS170304FDD','Ethan','Ratliff','Chaney','F','15/08/2016','53-48-76-76-21','vulputate.eu@inconsequat.edu','Morelos','Abejones','SAN ISIDRO','Pizarro',853,67281);
INSERT INTO Persona([RFC],[Nombre],[Apellido_Paterno],[Apellido_Materno],[Genero],[Fecha_Nacimiento],[Telefono],[Correo_Electronico],[Estado],[Delegacion],[Colonia],[Calle],[Numero],[Codigo_Postal]) VALUES('QULO830401TIC','Asunción','Key','Shaw','F','27/04/2016','31-89-89-38-22','malesuada@ipsum.co.uk','Chihuahua','Azcapotzalco','AXOTLAN','Sandoval',244,89319);
INSERT INTO Persona([RFC],[Nombre],[Apellido_Paterno],[Apellido_Materno],[Genero],[Fecha_Nacimiento],[Telefono],[Correo_Electronico],[Estado],[Delegacion],[Colonia],[Calle],[Numero],[Codigo_Postal]) VALUES('FEGK761029KPL','Elba','Morrow','Freeman','M','30/09/2017','69-36-29-58-78','nec@nascetur.net','Hidalgo','Acacoyagua','SAN SALVADOR','Yáñez',147,80091);
INSERT INTO Persona([RFC],[Nombre],[Apellido_Paterno],[Apellido_Materno],[Genero],[Fecha_Nacimiento],[Telefono],[Correo_Electronico],[Estado],[Delegacion],[Colonia],[Calle],[Numero],[Codigo_Postal]) VALUES('TOOO890618TCC','Ihan','Cervantes','Gamble','M','01/03/2017','88-41-92-29-69','turpis.egestas@tellusfaucibus.ca','Veracruz','Abasole','EL PINO','Olivares',141,25414);
INSERT INTO Persona([RFC],[Nombre],[Apellido_Paterno],[Apellido_Materno],[Genero],[Fecha_Nacimiento],[Telefono],[Correo_Electronico],[Estado],[Delegacion],[Colonia],[Calle],[Numero],[Codigo_Postal]) VALUES('EUER710323MPN','Luciano','Frank','White','F','01/01/2016','07-77-60-48-53','ut@nonummyacfeugiat.com','Guerrero','Magdalena Contreras','MAZATLA','Soto',373,51336);
INSERT INTO Persona([RFC],[Nombre],[Apellido_Paterno],[Apellido_Materno],[Genero],[Fecha_Nacimiento],[Telefono],[Correo_Electronico],[Estado],[Delegacion],[Colonia],[Calle],[Numero],[Codigo_Postal]) VALUES('IIWO951224YZM','Jack','Merrill','Garza','F','28/02/2017','84-21-34-16-29','ac@elit.com','Nayarit','Coyoacan','EL PINO','García',66,57705);
INSERT INTO Persona([RFC],[Nombre],[Apellido_Paterno],[Apellido_Materno],[Genero],[Fecha_Nacimiento],[Telefono],[Correo_Electronico],[Estado],[Delegacion],[Colonia],[Calle],[Numero],[Codigo_Postal]) VALUES('AIIW770406KMX','Lucian','Warner','Horton','F','25/01/2015','44-36-45-66-48','dolor@aliquetmetus.net','Chiapas','Coyoacan','CUAUTITLAN','Riquelme',755,61856);
INSERT INTO Persona([RFC],[Nombre],[Apellido_Paterno],[Apellido_Materno],[Genero],[Fecha_Nacimiento],[Telefono],[Correo_Electronico],[Estado],[Delegacion],[Colonia],[Calle],[Numero],[Codigo_Postal]) VALUES('YIZU080524YPF','Estefanía','Finley','Arnold','F','16/01/2017','04-38-33-44-17','sit.amet@Integertinciduntaliquam.com','Nayarit','Álvaro Obregon','AGUA PRIETA','Tapia',770,75533);
INSERT INTO Persona([RFC],[Nombre],[Apellido_Paterno],[Apellido_Materno],[Genero],[Fecha_Nacimiento],[Telefono],[Correo_Electronico],[Estado],[Delegacion],[Colonia],[Calle],[Numero],[Codigo_Postal]) VALUES('JAAE780521IAL','Tayra','Daniels','Petty','F','07/02/2017','14-27-79-93-14','vel.nisl@Donecelementumlorem.edu','Chihuahua','Miguel Hidalgo','EJERCITO','Muñoz',843,73355);
INSERT INTO Persona([RFC],[Nombre],[Apellido_Paterno],[Apellido_Materno],[Genero],[Fecha_Nacimiento],[Telefono],[Correo_Electronico],[Estado],[Delegacion],[Colonia],[Calle],[Numero],[Codigo_Postal]) VALUES('AERU010927DCC','David','Powell','Bartlett','M','25/11/2017','43-85-19-95-26','sem.Pellentesque.ut@nullaInteger.ca','Quintana Roo','Abasolo','SAN ISIDRO','San Martín',638,70443);
INSERT INTO Persona([RFC],[Nombre],[Apellido_Paterno],[Apellido_Materno],[Genero],[Fecha_Nacimiento],[Telefono],[Correo_Electronico],[Estado],[Delegacion],[Colonia],[Calle],[Numero],[Codigo_Postal]) VALUES('EUBP030227SYB','Alba','Doyle','Mercado','M','12/09/2016','22-36-77-11-39','orci.lobortis.augue@lobortisquis.org','Zacatecas','Acacoyagua','SAN JUAN','Reyes',908,63604);
INSERT INTO Persona([RFC],[Nombre],[Apellido_Paterno],[Apellido_Materno],[Genero],[Fecha_Nacimiento],[Telefono],[Correo_Electronico],[Estado],[Delegacion],[Colonia],[Calle],[Numero],[Codigo_Postal]) VALUES('GIWI071119NEP','Efraín','Velazquez','Bowman','M','06/03/2015','79-91-77-24-97','Donec.dignissim@Sednecmetus.ca','Oaxaca','Abasolu','JILOTZINGO','Rodríguez',80,88596);
INSERT INTO Persona([RFC],[Nombre],[Apellido_Paterno],[Apellido_Materno],[Genero],[Fecha_Nacimiento],[Telefono],[Correo_Electronico],[Estado],[Delegacion],[Colonia],[Calle],[Numero],[Codigo_Postal]) VALUES('LINR150404CYT','Jhoan','Farrell','Gallagher','M','17/12/2016','43-93-42-37-13','lobortis.quis.pede@mus.co.uk','Aguascalientes','Gustavo A. Madero','MADERO','Molina',594,25884);
INSERT INTO Persona([RFC],[Nombre],[Apellido_Paterno],[Apellido_Materno],[Genero],[Fecha_Nacimiento],[Telefono],[Correo_Electronico],[Estado],[Delegacion],[Colonia],[Calle],[Numero],[Codigo_Postal]) VALUES('YOQT980805LSA','Sandra','Chan','Serrano','F','29/10/2015','22-54-76-64-12','Integer.id.magna@necmalesuadaut.net','Colima','Coyoacan','CUAUTITLAN','Carrasco',990,39558);
INSERT INTO Persona([RFC],[Nombre],[Apellido_Paterno],[Apellido_Materno],[Genero],[Fecha_Nacimiento],[Telefono],[Correo_Electronico],[Estado],[Delegacion],[Colonia],[Calle],[Numero],[Codigo_Postal]) VALUES('CAVE090304LTV','Yaritza','Barrett','Hudson','M','31/05/2015','42-55-25-62-36','arcu@adipiscingelitEtiam.ca','Tabasco','Coyoacan','EJERCITO','Godoy',959,69711);
INSERT INTO Persona([RFC],[Nombre],[Apellido_Paterno],[Apellido_Materno],[Genero],[Fecha_Nacimiento],[Telefono],[Correo_Electronico],[Estado],[Delegacion],[Colonia],[Calle],[Numero],[Codigo_Postal]) VALUES('SISE091219NNO','Germán','Hodge','Hinton','M','01/09/2016','56-41-91-45-31','nascetur.ridiculus@Innec.net','Nayarit','Venustiano Carranza','AXOTLAN','Tapia',536,18963);
INSERT INTO Persona([RFC],[Nombre],[Apellido_Paterno],[Apellido_Materno],[Genero],[Fecha_Nacimiento],[Telefono],[Correo_Electronico],[Estado],[Delegacion],[Colonia],[Calle],[Numero],[Codigo_Postal]) VALUES('NOJE900807JAD','Jossefa','Park','Monroe','F','13/12/2015','46-76-87-63-17','arcu@semconsequat.co.uk','Puebla','Azcapotzalco','LOS PINOS','Sanhueza',591,58493);
INSERT INTO Persona([RFC],[Nombre],[Apellido_Paterno],[Apellido_Materno],[Genero],[Fecha_Nacimiento],[Telefono],[Correo_Electronico],[Estado],[Delegacion],[Colonia],[Calle],[Numero],[Codigo_Postal]) VALUES('KURX811217UKH','Dayra','Schwartz','Merritt','F','03/02/2015','32-47-37-82-93','tincidunt.orci@Duiselementumdui.org','Guerrero','Coyoacan','SAN ISIDRO','Ruiz',954,90956);
INSERT INTO Persona([RFC],[Nombre],[Apellido_Paterno],[Apellido_Materno],[Genero],[Fecha_Nacimiento],[Telefono],[Correo_Electronico],[Estado],[Delegacion],[Colonia],[Calle],[Numero],[Codigo_Postal]) VALUES('IUZK930601JVF','Kai','Russo','Gallagher','F','18/11/2015','08-52-39-17-78','feugiat@orciUtsagittis.com','San Luis Potosi','Acala','CARACOL','Zúñiga',49,18242);
INSERT INTO Persona([RFC],[Nombre],[Apellido_Paterno],[Apellido_Materno],[Genero],[Fecha_Nacimiento],[Telefono],[Correo_Electronico],[Estado],[Delegacion],[Colonia],[Calle],[Numero],[Codigo_Postal]) VALUES('DAPQ721103SAD','Dennis','Cash','Williams','M','11/12/2016','42-91-42-88-53','Curabitur.ut@Utsemper.org','Sonora','Acanceh','CARACOL','Ortega',390,29581);
INSERT INTO Persona([RFC],[Nombre],[Apellido_Paterno],[Apellido_Materno],[Genero],[Fecha_Nacimiento],[Telefono],[Correo_Electronico],[Estado],[Delegacion],[Colonia],[Calle],[Numero],[Codigo_Postal]) VALUES('EEVT020608NRP','Jocelyn','Salazar','Booth','M','05/03/2016','05-29-76-58-14','Aenean.gravida@Donec.ca','Guanajuato','Iztapalapa','SANTA MARIA','Navarro',954,75495);
INSERT INTO Persona([RFC],[Nombre],[Apellido_Paterno],[Apellido_Materno],[Genero],[Fecha_Nacimiento],[Telefono],[Correo_Electronico],[Estado],[Delegacion],[Colonia],[Calle],[Numero],[Codigo_Postal]) VALUES('REIG020204KXB','Emilie','Branch','Cunningham','M','28/12/2016','81-34-44-45-42','magna.Suspendisse@magna.net','Yucatan','Acanceh','ETULTITLAN','Paredes',120,58431);
INSERT INTO Persona([RFC],[Nombre],[Apellido_Paterno],[Apellido_Materno],[Genero],[Fecha_Nacimiento],[Telefono],[Correo_Electronico],[Estado],[Delegacion],[Colonia],[Calle],[Numero],[Codigo_Postal]) VALUES('CIPC820807MYV','Jack','Davenport','Fisher','M','06/11/2017','37-22-31-31-85','eget.varius@Phasellus.org','Quintana Roo','Cuajimalpa de Morelos','SANTA MARIA','Zúñiga',654,65487);
INSERT INTO Persona([RFC],[Nombre],[Apellido_Paterno],[Apellido_Materno],[Genero],[Fecha_Nacimiento],[Telefono],[Correo_Electronico],[Estado],[Delegacion],[Colonia],[Calle],[Numero],[Codigo_Postal]) VALUES('KIHE971114IDT','Lucio','Nash','Washington','M','11/08/2016','17-58-14-59-10','sem@gravidanunc.net','Tamaulipas','Benito Juarez','MADERO','Sandoval',747,93739);
INSERT INTO Persona([RFC],[Nombre],[Apellido_Paterno],[Apellido_Materno],[Genero],[Fecha_Nacimiento],[Telefono],[Correo_Electronico],[Estado],[Delegacion],[Colonia],[Calle],[Numero],[Codigo_Postal]) VALUES('QAEP930227ADP','Violeta','Wong','Richardson','F','06/02/2015','98-57-41-63-26','eget.dictum@euismod.com','Queretaro','Acanceh','SAN ISIDRO','Vargas',766,22432);
INSERT INTO Persona([RFC],[Nombre],[Apellido_Paterno],[Apellido_Materno],[Genero],[Fecha_Nacimiento],[Telefono],[Correo_Electronico],[Estado],[Delegacion],[Colonia],[Calle],[Numero],[Codigo_Postal]) VALUES('YUCW900924RPR','Duban','Nelson','Rios','F','26/07/2015','57-63-38-67-41','enim.condimentum@metusAliquam.org','Campeche','Abasola','JILOTZINGO','Sáez',435,32279);
INSERT INTO Persona([RFC],[Nombre],[Apellido_Paterno],[Apellido_Materno],[Genero],[Fecha_Nacimiento],[Telefono],[Correo_Electronico],[Estado],[Delegacion],[Colonia],[Calle],[Numero],[Codigo_Postal]) VALUES('AEXU150823JHC','Elena','Tucker','Townsend','F','15/05/2016','43-57-79-43-11','nulla.Cras@Fuscediam.org','Michoacan','Acajete','AXOTLAN','Tapia',339,56599);
INSERT INTO Persona([RFC],[Nombre],[Apellido_Paterno],[Apellido_Materno],[Genero],[Fecha_Nacimiento],[Telefono],[Correo_Electronico],[Estado],[Delegacion],[Colonia],[Calle],[Numero],[Codigo_Postal]) VALUES('VAQR970924LJW','Osvaldo','Vinson','Mooney','M','26/01/2015','48-13-66-86-45','hendrerit@nonleo.net','Estado de Mexico','Acanceh','EDUCACION','Muñoz',465,11624);
INSERT INTO Persona([RFC],[Nombre],[Apellido_Paterno],[Apellido_Materno],[Genero],[Fecha_Nacimiento],[Telefono],[Correo_Electronico],[Estado],[Delegacion],[Colonia],[Calle],[Numero],[Codigo_Postal]) VALUES('AEKD840123BTQ','Amaia','Clark','Santiago','F','06/06/2015','91-23-17-56-79','vehicula.risus.Nulla@tellusPhaselluselit.edu','Tlaxcala','Acaponet','EJERCITO','Palma',570,73130);
INSERT INTO Persona([RFC],[Nombre],[Apellido_Paterno],[Apellido_Materno],[Genero],[Fecha_Nacimiento],[Telefono],[Correo_Electronico],[Estado],[Delegacion],[Colonia],[Calle],[Numero],[Codigo_Postal]) VALUES('PABK940526YUS','Karol','Mcfarland','Tucker','M','11/12/2017','56-83-93-94-61','posuere@Integersemelit.com','Nuevo Leon','Abasola','SAN JUAN','Rivera',23,69458);
INSERT INTO Persona([RFC],[Nombre],[Apellido_Paterno],[Apellido_Materno],[Genero],[Fecha_Nacimiento],[Telefono],[Correo_Electronico],[Estado],[Delegacion],[Colonia],[Calle],[Numero],[Codigo_Postal]) VALUES('RUCT010624LHN','Celso','Hubbard','Bryant','F','17/09/2015','38-36-51-54-83','Nullam.lobortis.quam@Aenean.edu','Distrito Federal','Venustiano Carranza','CARACOL','Palma',605,80087);
INSERT INTO Persona([RFC],[Nombre],[Apellido_Paterno],[Apellido_Materno],[Genero],[Fecha_Nacimiento],[Telefono],[Correo_Electronico],[Estado],[Delegacion],[Colonia],[Calle],[Numero],[Codigo_Postal]) VALUES('RAVW840113YJO','Yael','Benton','Waller','F','19/04/2015','34-15-57-62-55','augue.Sed.molestie@turpis.ca','Tlaxcala','Azcapotzalco','ECATEPEC','Silva',555,68906);
INSERT INTO Persona([RFC],[Nombre],[Apellido_Paterno],[Apellido_Materno],[Genero],[Fecha_Nacimiento],[Telefono],[Correo_Electronico],[Estado],[Delegacion],[Colonia],[Calle],[Numero],[Codigo_Postal]) VALUES('LUWQ850219WYV','Orlando','Cohen','Hardy','F','17/12/2016','31-52-87-79-82','ridiculus@cubiliaCurae.org','Tamaulipas','Álvaro Obregon','ECATEPEC','Hernández',800,68451);
INSERT INTO Persona([RFC],[Nombre],[Apellido_Paterno],[Apellido_Materno],[Genero],[Fecha_Nacimiento],[Telefono],[Correo_Electronico],[Estado],[Delegacion],[Colonia],[Calle],[Numero],[Codigo_Postal]) VALUES('RUTY751105EXP','Gaston','Patrick','Schroeder','M','18/09/2017','26-21-17-88-73','dui.Fusce@atpretiumaliquet.net','Sinaloa','Cuajimalpa de Morelos','SAN SALVADOR','Alvarado',363,30408);
INSERT INTO Persona([RFC],[Nombre],[Apellido_Paterno],[Apellido_Materno],[Genero],[Fecha_Nacimiento],[Telefono],[Correo_Electronico],[Estado],[Delegacion],[Colonia],[Calle],[Numero],[Codigo_Postal]) VALUES('UONT770323UDW','Krishna','Valenzuela','Woods','F','14/08/2015','77-52-64-57-86','Donec.tincidunt.Donec@enimnisl.net','Tabasco','Cuajimalpa de Morelos','ARAGON','Peña',936,78115);
INSERT INTO Persona([RFC],[Nombre],[Apellido_Paterno],[Apellido_Materno],[Genero],[Fecha_Nacimiento],[Telefono],[Correo_Electronico],[Estado],[Delegacion],[Colonia],[Calle],[Numero],[Codigo_Postal]) VALUES('NIZG720520TUU','Lya','Foster','Dixon','M','18/10/2017','98-22-32-52-17','porttitor.scelerisque@ut.net','Guerrero','Cuajimalpa de Morelos','ECATEPEC DE MORELOS','García',551,33096);
INSERT INTO Persona([RFC],[Nombre],[Apellido_Paterno],[Apellido_Materno],[Genero],[Fecha_Nacimiento],[Telefono],[Correo_Electronico],[Estado],[Delegacion],[Colonia],[Calle],[Numero],[Codigo_Postal]) VALUES('PUDJ830825TFI','Letizia','Barnett','Summers','F','21/01/2017','87-25-49-77-50','primis@blanditenimconsequat.org','Colima','Tlalpan','NICOLAS ROMERO','García',844,56189);
INSERT INTO Persona([RFC],[Nombre],[Apellido_Paterno],[Apellido_Materno],[Genero],[Fecha_Nacimiento],[Telefono],[Correo_Electronico],[Estado],[Delegacion],[Colonia],[Calle],[Numero],[Codigo_Postal]) VALUES('OIRZ030710UMU','Patricia','Nolan','Newton','F','20/05/2017','41-43-58-91-53','Quisque@egestasSed.co.uk','Coahuila','Acacoyagua','SANTA MARIA','Reyes',65,59545);
INSERT INTO Persona([RFC],[Nombre],[Apellido_Paterno],[Apellido_Materno],[Genero],[Fecha_Nacimiento],[Telefono],[Correo_Electronico],[Estado],[Delegacion],[Colonia],[Calle],[Numero],[Codigo_Postal]) VALUES('JUQR940501LFN','Nayaret','Graham','Buchanan','F','27/09/2017','71-86-19-77-14','mauris.elit@a.org','Aguascalientes','Abala','EJIDAL','Espinoza',626,14639);
INSERT INTO Persona([RFC],[Nombre],[Apellido_Paterno],[Apellido_Materno],[Genero],[Fecha_Nacimiento],[Telefono],[Correo_Electronico],[Estado],[Delegacion],[Colonia],[Calle],[Numero],[Codigo_Postal]) VALUES('ZUGD121113YZV','Ainara','Newman','French','F','21/07/2017','73-88-83-75-41','non@idante.com','Guanajuato','Álvaro Obregon','EL PINO','Navarro',848,97273);
INSERT INTO Persona([RFC],[Nombre],[Apellido_Paterno],[Apellido_Materno],[Genero],[Fecha_Nacimiento],[Telefono],[Correo_Electronico],[Estado],[Delegacion],[Colonia],[Calle],[Numero],[Codigo_Postal]) VALUES('VIOR031229LYT','Paskal','Bridges','Henderson','M','20/12/2016','96-72-89-11-12','auctor.odio@ultricesiaculis.co.uk','Coahuila','Cuajimalpa de Morelos','EDUARDO MOLINA','Poblete',687,59337);
INSERT INTO Persona([RFC],[Nombre],[Apellido_Paterno],[Apellido_Materno],[Genero],[Fecha_Nacimiento],[Telefono],[Correo_Electronico],[Estado],[Delegacion],[Colonia],[Calle],[Numero],[Codigo_Postal]) VALUES('CUCH751223ICK','Josepha','Shaffer','Rosales','M','01/02/2017','42-38-24-18-48','natoque.penatibus.et@facilisis.org','Yucatan','Abasola','ECATEPEC DE MORELOS','Palma',22,59600);
INSERT INTO Persona([RFC],[Nombre],[Apellido_Paterno],[Apellido_Materno],[Genero],[Fecha_Nacimiento],[Telefono],[Correo_Electronico],[Estado],[Delegacion],[Colonia],[Calle],[Numero],[Codigo_Postal]) VALUES('PAOR081101NLT','Rolando','Hooper','Richardson','M','23/07/2015','63-17-57-19-88','non.feugiat.nec@tempusmauriserat.org','Estado de Mexico','Iztapalapa','EJERCITO DEL TRABAJO','Díaz',303,35217);
INSERT INTO Persona([RFC],[Nombre],[Apellido_Paterno],[Apellido_Materno],[Genero],[Fecha_Nacimiento],[Telefono],[Correo_Electronico],[Estado],[Delegacion],[Colonia],[Calle],[Numero],[Codigo_Postal]) VALUES('WUUZ980403QKH','Kamila','Cannon','Duran','F','08/02/2016','67-78-70-53-17','lobortis.Class@Proinultrices.org','Tamaulipas','Abala','CUAUTITLAN','Rojas',498,76721);
INSERT INTO Persona([RFC],[Nombre],[Apellido_Paterno],[Apellido_Materno],[Genero],[Fecha_Nacimiento],[Telefono],[Correo_Electronico],[Estado],[Delegacion],[Colonia],[Calle],[Numero],[Codigo_Postal]) VALUES('MIMP970803ZVB','Benjamin','Santos','Higgins','M','29/12/2017','59-97-74-85-35','Donec@FuscefeugiatLorem.ca','Veracruz','Acapetahua','MADERO','Poblete',822,32286);
INSERT INTO Persona([RFC],[Nombre],[Apellido_Paterno],[Apellido_Materno],[Genero],[Fecha_Nacimiento],[Telefono],[Correo_Electronico],[Estado],[Delegacion],[Colonia],[Calle],[Numero],[Codigo_Postal]) VALUES('NOST131015NZC','Rachel','Parker','Doyle','M','09/11/2017','87-51-78-88-53','dolor.Fusce.mi@tinciduntcongue.co.uk','Baja California','Abejones','EJIDAL','Torres',902,59177);
INSERT INTO Persona([RFC],[Nombre],[Apellido_Paterno],[Apellido_Materno],[Genero],[Fecha_Nacimiento],[Telefono],[Correo_Electronico],[Estado],[Delegacion],[Colonia],[Calle],[Numero],[Codigo_Postal]) VALUES('TIDM070703ONK','Makarena','Obrien','Miller','M','20/12/2017','39-11-16-89-27','dignissim@nulla.org','Estado de Mexico','Miguel Hidalgo','SAN ISIDRO','Bravo',955,91640);
INSERT INTO Persona([RFC],[Nombre],[Apellido_Paterno],[Apellido_Materno],[Genero],[Fecha_Nacimiento],[Telefono],[Correo_Electronico],[Estado],[Delegacion],[Colonia],[Calle],[Numero],[Codigo_Postal]) VALUES('YOZY960129EGN','Simon','Battle','Cortez','F','01/04/2017','86-63-76-34-85','sagittis.Duis.gravida@justonecante.org','San Luis Potosi','Acajete','MADERO','Martínez',189,53625);
INSERT INTO Persona([RFC],[Nombre],[Apellido_Paterno],[Apellido_Materno],[Genero],[Fecha_Nacimiento],[Telefono],[Correo_Electronico],[Estado],[Delegacion],[Colonia],[Calle],[Numero],[Codigo_Postal]) VALUES('AEWE821010CNM','Thomás','Cooley','Mack','F','08/04/2017','04-66-31-19-57','posuere.at.velit@velconvallisin.ca','Hidalgo','Cuajimalpa de Morelos','SAN SALVADOR','Molina',93,57568);
INSERT INTO Persona([RFC],[Nombre],[Apellido_Paterno],[Apellido_Materno],[Genero],[Fecha_Nacimiento],[Telefono],[Correo_Electronico],[Estado],[Delegacion],[Colonia],[Calle],[Numero],[Codigo_Postal]) VALUES('WIPN180601MKI','Benito','Cunningham','Newman','M','27/03/2016','54-59-12-17-67','pede@consectetuereuismod.net','Jalisco','Iztacalco','AGUA PRIETA','Hernández',952,97132);
INSERT INTO Persona([RFC],[Nombre],[Apellido_Paterno],[Apellido_Materno],[Genero],[Fecha_Nacimiento],[Telefono],[Correo_Electronico],[Estado],[Delegacion],[Colonia],[Calle],[Numero],[Codigo_Postal]) VALUES('KEQF730117UVZ','Omar','Evans','Glover','M','07/11/2015','51-28-17-32-54','est.tempor.bibendum@CuraePhasellus.com','Michoacan','Acapetahua','LOS PINOS','Palma',132,34947);
INSERT INTO Persona([RFC],[Nombre],[Apellido_Paterno],[Apellido_Materno],[Genero],[Fecha_Nacimiento],[Telefono],[Correo_Electronico],[Estado],[Delegacion],[Colonia],[Calle],[Numero],[Codigo_Postal]) VALUES('VIYD870117XKV','Paz','Klein','David','M','15/03/2015','12-51-49-39-44','orci.tincidunt.adipiscing@faucibus.co.uk','Chihuahua','Cuajimalpa de Morelos','SAN JUAN','Cáceres',982,78025);
INSERT INTO Persona([RFC],[Nombre],[Apellido_Paterno],[Apellido_Materno],[Genero],[Fecha_Nacimiento],[Telefono],[Correo_Electronico],[Estado],[Delegacion],[Colonia],[Calle],[Numero],[Codigo_Postal]) VALUES('YOUA091018MHZ','Amador','Haney','Daugherty','F','10/01/2015','51-53-50-47-47','Etiam@eu.co.uk','Veracruz','Abasolo','EJERCITO DEL TRABAJO','Rojas',29,84019);
INSERT INTO Persona([RFC],[Nombre],[Apellido_Paterno],[Apellido_Materno],[Genero],[Fecha_Nacimiento],[Telefono],[Correo_Electronico],[Estado],[Delegacion],[Colonia],[Calle],[Numero],[Codigo_Postal]) VALUES('CATB880902FAP','Elián','Valentine','Yang','M','05/06/2015','96-89-58-61-27','non@id.org','San Luis Potosi','Venustiano Carranza','EDUCACION','Contreras',747,79529);
INSERT INTO Persona([RFC],[Nombre],[Apellido_Paterno],[Apellido_Materno],[Genero],[Fecha_Nacimiento],[Telefono],[Correo_Electronico],[Estado],[Delegacion],[Colonia],[Calle],[Numero],[Codigo_Postal]) VALUES('XUQH730925BBI','Jeremi','Vaughan','Montgomery','F','23/09/2015','38-87-50-32-82','Cras.pellentesque.Sed@Nullam.co.uk','Aguascalientes','Abasolu','ETULTITLAN','Silva',931,54924);
INSERT INTO Persona([RFC],[Nombre],[Apellido_Paterno],[Apellido_Materno],[Genero],[Fecha_Nacimiento],[Telefono],[Correo_Electronico],[Estado],[Delegacion],[Colonia],[Calle],[Numero],[Codigo_Postal]) VALUES('KEFL880418KII','Abigail','Sloan','Hurst','M','13/09/2015','37-57-72-12-48','non.cursus@gravidasit.com','Hidalgo','Acambay de Ruiz Castaneda','MADERO','Figueroa',895,17540);
INSERT INTO Persona([RFC],[Nombre],[Apellido_Paterno],[Apellido_Materno],[Genero],[Fecha_Nacimiento],[Telefono],[Correo_Electronico],[Estado],[Delegacion],[Colonia],[Calle],[Numero],[Codigo_Postal]) VALUES('QEGI060815JGO','Mia','Burks','Riggs','F','08/10/2017','17-23-68-11-65','auctor@aliquetsemut.com','Quintana Roo','Álvaro Obregon','AGUA PRIETA','Castro',366,86848);
INSERT INTO Persona([RFC],[Nombre],[Apellido_Paterno],[Apellido_Materno],[Genero],[Fecha_Nacimiento],[Telefono],[Correo_Electronico],[Estado],[Delegacion],[Colonia],[Calle],[Numero],[Codigo_Postal]) VALUES('YUQZ710708OMG','Alonso','Barrett','Fitzgerald','M','11/11/2016','86-65-54-88-34','rutrum@consequatauctornunc.edu','Tlaxcala','Acanceh','AXOTLAN','Maldonado',396,16906);
INSERT INTO Persona([RFC],[Nombre],[Apellido_Paterno],[Apellido_Materno],[Genero],[Fecha_Nacimiento],[Telefono],[Correo_Electronico],[Estado],[Delegacion],[Colonia],[Calle],[Numero],[Codigo_Postal]) VALUES('OOIN970721GUI','Waldo','Hall','Hays','M','10/12/2016','14-87-50-32-44','orci.lacus.vestibulum@dolor.org','Quintana Roo','Benito Juarez','EDUARDO MOLINA','Tapia',50,94191);
INSERT INTO Persona([RFC],[Nombre],[Apellido_Paterno],[Apellido_Materno],[Genero],[Fecha_Nacimiento],[Telefono],[Correo_Electronico],[Estado],[Delegacion],[Colonia],[Calle],[Numero],[Codigo_Postal]) VALUES('EIGN830527GXM','Abrahan','Morse','Bryan','M','08/06/2015','53-99-77-29-13','Phasellus@eget.co.uk','Queretaro','Acacoyagua','EJERCITO DEL TRABAJO','Gallardo',266,28453);
INSERT INTO Persona([RFC],[Nombre],[Apellido_Paterno],[Apellido_Materno],[Genero],[Fecha_Nacimiento],[Telefono],[Correo_Electronico],[Estado],[Delegacion],[Colonia],[Calle],[Numero],[Codigo_Postal]) VALUES('EOAJ990811NTC','Ignacio','Elliott','Jackson','M','10/08/2016','61-31-28-22-60','ultrices.sit@pede.com','Estado de Mexico','Venustiano Carranza','ATLAUTENCO','Soto',80,60662);
INSERT INTO Persona([RFC],[Nombre],[Apellido_Paterno],[Apellido_Materno],[Genero],[Fecha_Nacimiento],[Telefono],[Correo_Electronico],[Estado],[Delegacion],[Colonia],[Calle],[Numero],[Codigo_Postal]) VALUES('UEGO880915WRX','Leah','Doyle','Huffman','M','26/02/2015','07-73-11-48-10','dolor.Fusce@placerataugue.ca','Guerrero','Acajete','ETULTITLAN','Yáñez',533,10953);
INSERT INTO Persona([RFC],[Nombre],[Apellido_Paterno],[Apellido_Materno],[Genero],[Fecha_Nacimiento],[Telefono],[Correo_Electronico],[Estado],[Delegacion],[Colonia],[Calle],[Numero],[Codigo_Postal]) VALUES('XINY700929VZJ','Fabricio','Strong','Lancaster','F','09/03/2015','72-22-95-94-44','magna.a@fringilla.net','Sonora','Acambay de Ruiz Castaneda','NICOLAS ROMERO','Herrera',775,82343);
INSERT INTO Persona([RFC],[Nombre],[Apellido_Paterno],[Apellido_Materno],[Genero],[Fecha_Nacimiento],[Telefono],[Correo_Electronico],[Estado],[Delegacion],[Colonia],[Calle],[Numero],[Codigo_Postal]) VALUES('JEUZ050314PZT','Dámaris','Wood','Roach','F','19/11/2015','41-35-15-72-50','metus.urna.convallis@primis.ca','Veracruz','Iztapalapa','CARACOL','Martínez',524,62024);
INSERT INTO Persona([RFC],[Nombre],[Apellido_Paterno],[Apellido_Materno],[Genero],[Fecha_Nacimiento],[Telefono],[Correo_Electronico],[Estado],[Delegacion],[Colonia],[Calle],[Numero],[Codigo_Postal]) VALUES('MUBX831126NFW','Ester','Velez','Barrera','M','16/06/2015','85-62-36-29-81','placerat.velit.Quisque@cubilia.co.uk','Tlaxcala','Acambaro','EJERCITO','Salinas',231,33310);

-- Tabla Licencia

INSERT INTO Licencia([IdLicencia],[Puntos_Acumulados],[Tipo],[Vigencia],[Fecha_Vencimiento]) VALUES('R62940689','3','B','ACTIVA','19/09/2017');
INSERT INTO Licencia([IdLicencia],[Puntos_Acumulados],[Tipo],[Vigencia],[Fecha_Vencimiento]) VALUES('S27832213','1','B','ACTIVA','01/05/2017');
INSERT INTO Licencia([IdLicencia],[Puntos_Acumulados],[Tipo],[Vigencia],[Fecha_Vencimiento]) VALUES('P97997845','3','B','ACTIVA','12/06/2017');
INSERT INTO Licencia([IdLicencia],[Puntos_Acumulados],[Tipo],[Vigencia],[Fecha_Vencimiento]) VALUES('S10397406','3','B','SUSPENDIDA','20/04/2017');
INSERT INTO Licencia([IdLicencia],[Puntos_Acumulados],[Tipo],[Vigencia],[Fecha_Vencimiento]) VALUES('V54148484','1','B','CANCELADA','18/01/2016');
INSERT INTO Licencia([IdLicencia],[Puntos_Acumulados],[Tipo],[Vigencia],[Fecha_Vencimiento]) VALUES('T25326201','0','A','CANCELADA','23/10/2016');
INSERT INTO Licencia([IdLicencia],[Puntos_Acumulados],[Tipo],[Vigencia],[Fecha_Vencimiento]) VALUES('D31992829','1','A','ACTIVA','17/08/2017');
INSERT INTO Licencia([IdLicencia],[Puntos_Acumulados],[Tipo],[Vigencia],[Fecha_Vencimiento]) VALUES('Z37598566','0','A','SUSPENDIDA','18/07/2017');
INSERT INTO Licencia([IdLicencia],[Puntos_Acumulados],[Tipo],[Vigencia],[Fecha_Vencimiento]) VALUES('X94512806','0','B','CANCELADA','06/08/2017');
INSERT INTO Licencia([IdLicencia],[Puntos_Acumulados],[Tipo],[Vigencia],[Fecha_Vencimiento]) VALUES('W24085696','0','A','ACTIVA','15/04/2017');
INSERT INTO Licencia([IdLicencia],[Puntos_Acumulados],[Tipo],[Vigencia],[Fecha_Vencimiento]) VALUES('R63971257','6','A','SUSPENDIDA','18/05/2016');
INSERT INTO Licencia([IdLicencia],[Puntos_Acumulados],[Tipo],[Vigencia],[Fecha_Vencimiento]) VALUES('U81871706','3','B','SUSPENDIDA','14/05/2017');
INSERT INTO Licencia([IdLicencia],[Puntos_Acumulados],[Tipo],[Vigencia],[Fecha_Vencimiento]) VALUES('H18703123','0','A','ACTIVA','24/09/2016');
INSERT INTO Licencia([IdLicencia],[Puntos_Acumulados],[Tipo],[Vigencia],[Fecha_Vencimiento]) VALUES('B50256270','6','B','CANCELADA','29/06/2016');
INSERT INTO Licencia([IdLicencia],[Puntos_Acumulados],[Tipo],[Vigencia],[Fecha_Vencimiento]) VALUES('P12059842','0','B','ACTIVA','15/08/2016');
INSERT INTO Licencia([IdLicencia],[Puntos_Acumulados],[Tipo],[Vigencia],[Fecha_Vencimiento]) VALUES('C92294292','6','B','CANCELADA','01/10/2016');
INSERT INTO Licencia([IdLicencia],[Puntos_Acumulados],[Tipo],[Vigencia],[Fecha_Vencimiento]) VALUES('J07253400','1','A','CANCELADA','19/04/2017');
INSERT INTO Licencia([IdLicencia],[Puntos_Acumulados],[Tipo],[Vigencia],[Fecha_Vencimiento]) VALUES('K75740681','6','A','CANCELADA','27/10/2017');
INSERT INTO Licencia([IdLicencia],[Puntos_Acumulados],[Tipo],[Vigencia],[Fecha_Vencimiento]) VALUES('J95679103','1','B','CANCELADA','11/10/2017');
INSERT INTO Licencia([IdLicencia],[Puntos_Acumulados],[Tipo],[Vigencia],[Fecha_Vencimiento]) VALUES('L18054319','0','B','CANCELADA','23/02/2017');
INSERT INTO Licencia([IdLicencia],[Puntos_Acumulados],[Tipo],[Vigencia],[Fecha_Vencimiento]) VALUES('H02354719','3','A','SUSPENDIDA','24/12/2016');
INSERT INTO Licencia([IdLicencia],[Puntos_Acumulados],[Tipo],[Vigencia],[Fecha_Vencimiento]) VALUES('F51243661','1','B','CANCELADA','05/12/2017');
INSERT INTO Licencia([IdLicencia],[Puntos_Acumulados],[Tipo],[Vigencia],[Fecha_Vencimiento]) VALUES('H26830621','1','A','ACTIVA','09/09/2016');
INSERT INTO Licencia([IdLicencia],[Puntos_Acumulados],[Tipo],[Vigencia],[Fecha_Vencimiento]) VALUES('O37271565','6','B','CANCELADA','24/03/2016');
INSERT INTO Licencia([IdLicencia],[Puntos_Acumulados],[Tipo],[Vigencia],[Fecha_Vencimiento]) VALUES('I81630751','3','B','ACTIVA','10/04/2016');
INSERT INTO Licencia([IdLicencia],[Puntos_Acumulados],[Tipo],[Vigencia],[Fecha_Vencimiento]) VALUES('R12812610','6','A','ACTIVA','23/07/2017');
INSERT INTO Licencia([IdLicencia],[Puntos_Acumulados],[Tipo],[Vigencia],[Fecha_Vencimiento]) VALUES('Z80641415','3','A','SUSPENDIDA','02/08/2017');
INSERT INTO Licencia([IdLicencia],[Puntos_Acumulados],[Tipo],[Vigencia],[Fecha_Vencimiento]) VALUES('Z26029020','6','B','ACTIVA','21/05/2016');
INSERT INTO Licencia([IdLicencia],[Puntos_Acumulados],[Tipo],[Vigencia],[Fecha_Vencimiento]) VALUES('R92166205','1','B','CANCELADA','21/05/2017');
INSERT INTO Licencia([IdLicencia],[Puntos_Acumulados],[Tipo],[Vigencia],[Fecha_Vencimiento]) VALUES('I81011203','3','B','CANCELADA','18/02/2017');
INSERT INTO Licencia([IdLicencia],[Puntos_Acumulados],[Tipo],[Vigencia],[Fecha_Vencimiento]) VALUES('T57750084','0','A','CANCELADA','29/07/2016');
INSERT INTO Licencia([IdLicencia],[Puntos_Acumulados],[Tipo],[Vigencia],[Fecha_Vencimiento]) VALUES('T66924175','0','A','ACTIVA','26/02/2017');
INSERT INTO Licencia([IdLicencia],[Puntos_Acumulados],[Tipo],[Vigencia],[Fecha_Vencimiento]) VALUES('I58600188','0','B','CANCELADA','30/07/2017');
INSERT INTO Licencia([IdLicencia],[Puntos_Acumulados],[Tipo],[Vigencia],[Fecha_Vencimiento]) VALUES('Q53979087','1','B','CANCELADA','06/02/2017');
INSERT INTO Licencia([IdLicencia],[Puntos_Acumulados],[Tipo],[Vigencia],[Fecha_Vencimiento]) VALUES('L99253986','3','A','ACTIVA','03/02/2016');
INSERT INTO Licencia([IdLicencia],[Puntos_Acumulados],[Tipo],[Vigencia],[Fecha_Vencimiento]) VALUES('K50851985','3','A','CANCELADA','18/05/2016');
INSERT INTO Licencia([IdLicencia],[Puntos_Acumulados],[Tipo],[Vigencia],[Fecha_Vencimiento]) VALUES('D02824465','1','B','ACTIVA','29/03/2017');
INSERT INTO Licencia([IdLicencia],[Puntos_Acumulados],[Tipo],[Vigencia],[Fecha_Vencimiento]) VALUES('K47878207','6','A','SUSPENDIDA','02/08/2017');
INSERT INTO Licencia([IdLicencia],[Puntos_Acumulados],[Tipo],[Vigencia],[Fecha_Vencimiento]) VALUES('D52354782','3','B','SUSPENDIDA','08/04/2016');
INSERT INTO Licencia([IdLicencia],[Puntos_Acumulados],[Tipo],[Vigencia],[Fecha_Vencimiento]) VALUES('B84492520','6','B','ACTIVA','18/11/2017');
INSERT INTO Licencia([IdLicencia],[Puntos_Acumulados],[Tipo],[Vigencia],[Fecha_Vencimiento]) VALUES('O88413755','1','B','CANCELADA','09/08/2017');
INSERT INTO Licencia([IdLicencia],[Puntos_Acumulados],[Tipo],[Vigencia],[Fecha_Vencimiento]) VALUES('V84757469','3','A','CANCELADA','09/05/2016');
INSERT INTO Licencia([IdLicencia],[Puntos_Acumulados],[Tipo],[Vigencia],[Fecha_Vencimiento]) VALUES('Z33763186','3','B','SUSPENDIDA','06/07/2016');
INSERT INTO Licencia([IdLicencia],[Puntos_Acumulados],[Tipo],[Vigencia],[Fecha_Vencimiento]) VALUES('G08664791','3','A','CANCELADA','12/09/2016');
INSERT INTO Licencia([IdLicencia],[Puntos_Acumulados],[Tipo],[Vigencia],[Fecha_Vencimiento]) VALUES('C71804908','3','A','ACTIVA','17/10/2017');
INSERT INTO Licencia([IdLicencia],[Puntos_Acumulados],[Tipo],[Vigencia],[Fecha_Vencimiento]) VALUES('Z45366288','1','A','SUSPENDIDA','05/01/2017');
INSERT INTO Licencia([IdLicencia],[Puntos_Acumulados],[Tipo],[Vigencia],[Fecha_Vencimiento]) VALUES('F31073652','3','B','SUSPENDIDA','01/01/2016');
INSERT INTO Licencia([IdLicencia],[Puntos_Acumulados],[Tipo],[Vigencia],[Fecha_Vencimiento]) VALUES('C21529852','0','A','CANCELADA','12/02/2016');
INSERT INTO Licencia([IdLicencia],[Puntos_Acumulados],[Tipo],[Vigencia],[Fecha_Vencimiento]) VALUES('X31071885','6','B','SUSPENDIDA','23/06/2017');
INSERT INTO Licencia([IdLicencia],[Puntos_Acumulados],[Tipo],[Vigencia],[Fecha_Vencimiento]) VALUES('M57837950','6','B','CANCELADA','25/03/2017');
INSERT INTO Licencia([IdLicencia],[Puntos_Acumulados],[Tipo],[Vigencia],[Fecha_Vencimiento]) VALUES('B55513423','6','B','SUSPENDIDA','26/02/2017');
INSERT INTO Licencia([IdLicencia],[Puntos_Acumulados],[Tipo],[Vigencia],[Fecha_Vencimiento]) VALUES('C02479356','0','B','ACTIVA','08/06/2017');
INSERT INTO Licencia([IdLicencia],[Puntos_Acumulados],[Tipo],[Vigencia],[Fecha_Vencimiento]) VALUES('H55610805','1','A','CANCELADA','03/08/2016');
INSERT INTO Licencia([IdLicencia],[Puntos_Acumulados],[Tipo],[Vigencia],[Fecha_Vencimiento]) VALUES('I86684613','0','B','SUSPENDIDA','26/07/2017');
INSERT INTO Licencia([IdLicencia],[Puntos_Acumulados],[Tipo],[Vigencia],[Fecha_Vencimiento]) VALUES('E36811709','0','B','CANCELADA','06/05/2017');
INSERT INTO Licencia([IdLicencia],[Puntos_Acumulados],[Tipo],[Vigencia],[Fecha_Vencimiento]) VALUES('T60861081','3','B','SUSPENDIDA','06/03/2016');
INSERT INTO Licencia([IdLicencia],[Puntos_Acumulados],[Tipo],[Vigencia],[Fecha_Vencimiento]) VALUES('P53283586','6','B','SUSPENDIDA','26/01/2016');
INSERT INTO Licencia([IdLicencia],[Puntos_Acumulados],[Tipo],[Vigencia],[Fecha_Vencimiento]) VALUES('H45176917','1','B','CANCELADA','18/05/2017');
INSERT INTO Licencia([IdLicencia],[Puntos_Acumulados],[Tipo],[Vigencia],[Fecha_Vencimiento]) VALUES('H67001835','0','B','CANCELADA','25/04/2017');
INSERT INTO Licencia([IdLicencia],[Puntos_Acumulados],[Tipo],[Vigencia],[Fecha_Vencimiento]) VALUES('N40120231','6','A','SUSPENDIDA','21/10/2016');
INSERT INTO Licencia([IdLicencia],[Puntos_Acumulados],[Tipo],[Vigencia],[Fecha_Vencimiento]) VALUES('Z87520050','0','B','CANCELADA','10/08/2017');
INSERT INTO Licencia([IdLicencia],[Puntos_Acumulados],[Tipo],[Vigencia],[Fecha_Vencimiento]) VALUES('L74541442','0','B','SUSPENDIDA','13/08/2017');
INSERT INTO Licencia([IdLicencia],[Puntos_Acumulados],[Tipo],[Vigencia],[Fecha_Vencimiento]) VALUES('N93701776','3','B','ACTIVA','09/12/2016');
INSERT INTO Licencia([IdLicencia],[Puntos_Acumulados],[Tipo],[Vigencia],[Fecha_Vencimiento]) VALUES('F46599712','0','B','SUSPENDIDA','27/05/2017');
INSERT INTO Licencia([IdLicencia],[Puntos_Acumulados],[Tipo],[Vigencia],[Fecha_Vencimiento]) VALUES('R86754001','1','A','SUSPENDIDA','01/05/2017');
INSERT INTO Licencia([IdLicencia],[Puntos_Acumulados],[Tipo],[Vigencia],[Fecha_Vencimiento]) VALUES('I69165786','1','A','SUSPENDIDA','30/03/2017');
INSERT INTO Licencia([IdLicencia],[Puntos_Acumulados],[Tipo],[Vigencia],[Fecha_Vencimiento]) VALUES('O07486385','3','B','ACTIVA','26/08/2016');
INSERT INTO Licencia([IdLicencia],[Puntos_Acumulados],[Tipo],[Vigencia],[Fecha_Vencimiento]) VALUES('A76476402','0','A','ACTIVA','23/11/2016');
INSERT INTO Licencia([IdLicencia],[Puntos_Acumulados],[Tipo],[Vigencia],[Fecha_Vencimiento]) VALUES('B66326361','3','B','CANCELADA','27/06/2017');
INSERT INTO Licencia([IdLicencia],[Puntos_Acumulados],[Tipo],[Vigencia],[Fecha_Vencimiento]) VALUES('G81452809','3','B','ACTIVA','18/09/2017');
INSERT INTO Licencia([IdLicencia],[Puntos_Acumulados],[Tipo],[Vigencia],[Fecha_Vencimiento]) VALUES('Y69840585','6','A','CANCELADA','22/05/2017');
INSERT INTO Licencia([IdLicencia],[Puntos_Acumulados],[Tipo],[Vigencia],[Fecha_Vencimiento]) VALUES('N94768450','1','B','SUSPENDIDA','08/03/2017');
INSERT INTO Licencia([IdLicencia],[Puntos_Acumulados],[Tipo],[Vigencia],[Fecha_Vencimiento]) VALUES('I64681931','1','A','CANCELADA','30/03/2016');
INSERT INTO Licencia([IdLicencia],[Puntos_Acumulados],[Tipo],[Vigencia],[Fecha_Vencimiento]) VALUES('N15164348','0','A','CANCELADA','04/07/2017');
INSERT INTO Licencia([IdLicencia],[Puntos_Acumulados],[Tipo],[Vigencia],[Fecha_Vencimiento]) VALUES('Z43273526','1','A','ACTIVA','01/07/2016');
INSERT INTO Licencia([IdLicencia],[Puntos_Acumulados],[Tipo],[Vigencia],[Fecha_Vencimiento]) VALUES('E59151488','3','A','ACTIVA','14/03/2017');
INSERT INTO Licencia([IdLicencia],[Puntos_Acumulados],[Tipo],[Vigencia],[Fecha_Vencimiento]) VALUES('O23135982','0','B','SUSPENDIDA','09/11/2016');
INSERT INTO Licencia([IdLicencia],[Puntos_Acumulados],[Tipo],[Vigencia],[Fecha_Vencimiento]) VALUES('B76342653','3','A','SUSPENDIDA','21/03/2017');
INSERT INTO Licencia([IdLicencia],[Puntos_Acumulados],[Tipo],[Vigencia],[Fecha_Vencimiento]) VALUES('S15215710','0','B','ACTIVA','26/11/2016');
INSERT INTO Licencia([IdLicencia],[Puntos_Acumulados],[Tipo],[Vigencia],[Fecha_Vencimiento]) VALUES('G44314266','0','A','CANCELADA','19/10/2016');
INSERT INTO Licencia([IdLicencia],[Puntos_Acumulados],[Tipo],[Vigencia],[Fecha_Vencimiento]) VALUES('E88275848','6','B','SUSPENDIDA','03/03/2016');
INSERT INTO Licencia([IdLicencia],[Puntos_Acumulados],[Tipo],[Vigencia],[Fecha_Vencimiento]) VALUES('F61738259','0','A','ACTIVA','03/05/2016');
INSERT INTO Licencia([IdLicencia],[Puntos_Acumulados],[Tipo],[Vigencia],[Fecha_Vencimiento]) VALUES('N75365696','0','B','SUSPENDIDA','09/02/2017');
INSERT INTO Licencia([IdLicencia],[Puntos_Acumulados],[Tipo],[Vigencia],[Fecha_Vencimiento]) VALUES('I52552863','1','A','ACTIVA','12/02/2017');
INSERT INTO Licencia([IdLicencia],[Puntos_Acumulados],[Tipo],[Vigencia],[Fecha_Vencimiento]) VALUES('D14971994','3','B','CANCELADA','30/04/2016');
INSERT INTO Licencia([IdLicencia],[Puntos_Acumulados],[Tipo],[Vigencia],[Fecha_Vencimiento]) VALUES('F79202911','0','A','ACTIVA','09/03/2016');
INSERT INTO Licencia([IdLicencia],[Puntos_Acumulados],[Tipo],[Vigencia],[Fecha_Vencimiento]) VALUES('L12426799','0','B','CANCELADA','25/06/2016');
INSERT INTO Licencia([IdLicencia],[Puntos_Acumulados],[Tipo],[Vigencia],[Fecha_Vencimiento]) VALUES('S33205500','0','A','CANCELADA','03/11/2017');
INSERT INTO Licencia([IdLicencia],[Puntos_Acumulados],[Tipo],[Vigencia],[Fecha_Vencimiento]) VALUES('O31743687','6','A','ACTIVA','15/02/2017');
INSERT INTO Licencia([IdLicencia],[Puntos_Acumulados],[Tipo],[Vigencia],[Fecha_Vencimiento]) VALUES('T12129290','6','A','ACTIVA','17/06/2017');
INSERT INTO Licencia([IdLicencia],[Puntos_Acumulados],[Tipo],[Vigencia],[Fecha_Vencimiento]) VALUES('K20197695','6','B','ACTIVA','18/01/2016');
INSERT INTO Licencia([IdLicencia],[Puntos_Acumulados],[Tipo],[Vigencia],[Fecha_Vencimiento]) VALUES('Q37324020','1','A','ACTIVA','05/04/2017');
INSERT INTO Licencia([IdLicencia],[Puntos_Acumulados],[Tipo],[Vigencia],[Fecha_Vencimiento]) VALUES('P97763825','3','A','SUSPENDIDA','20/07/2017');
INSERT INTO Licencia([IdLicencia],[Puntos_Acumulados],[Tipo],[Vigencia],[Fecha_Vencimiento]) VALUES('J67661937','0','B','SUSPENDIDA','05/04/2017');
INSERT INTO Licencia([IdLicencia],[Puntos_Acumulados],[Tipo],[Vigencia],[Fecha_Vencimiento]) VALUES('R25469373','0','B','CANCELADA','03/01/2017');
INSERT INTO Licencia([IdLicencia],[Puntos_Acumulados],[Tipo],[Vigencia],[Fecha_Vencimiento]) VALUES('M36949110','1','A','SUSPENDIDA','07/11/2017');
INSERT INTO Licencia([IdLicencia],[Puntos_Acumulados],[Tipo],[Vigencia],[Fecha_Vencimiento]) VALUES('F34417506','1','B','SUSPENDIDA','05/09/2017');
INSERT INTO Licencia([IdLicencia],[Puntos_Acumulados],[Tipo],[Vigencia],[Fecha_Vencimiento]) VALUES('A96300266','1','A','CANCELADA','10/12/2017');
INSERT INTO Licencia([IdLicencia],[Puntos_Acumulados],[Tipo],[Vigencia],[Fecha_Vencimiento]) VALUES('G85391150','0','B','SUSPENDIDA','01/09/2016');
INSERT INTO Licencia([IdLicencia],[Puntos_Acumulados],[Tipo],[Vigencia],[Fecha_Vencimiento]) VALUES('V72645919','3','A','ACTIVA','11/06/2017');

-- Tabla Infraccion

INSERT INTO Infraccion([Fecha],[Penalizacion],[Hora]) VALUES('27/10/2010','0','03:25:40');
INSERT INTO Infraccion([Fecha],[Penalizacion],[Hora]) VALUES('06/03/2002','0','14:40:34');
INSERT INTO Infraccion([Fecha],[Penalizacion],[Hora]) VALUES('19/06/2003','0','05:03:49');
INSERT INTO Infraccion([Fecha],[Penalizacion],[Hora]) VALUES('03/02/2008','6','21:41:30');
INSERT INTO Infraccion([Fecha],[Penalizacion],[Hora]) VALUES('04/06/2004','0','22:01:10');
INSERT INTO Infraccion([Fecha],[Penalizacion],[Hora]) VALUES('28/01/2007','1','22:14:53');
INSERT INTO Infraccion([Fecha],[Penalizacion],[Hora]) VALUES('16/12/2008','0','08:16:53');
INSERT INTO Infraccion([Fecha],[Penalizacion],[Hora]) VALUES('19/03/2012','0','00:43:58');
INSERT INTO Infraccion([Fecha],[Penalizacion],[Hora]) VALUES('09/01/2006','3','03:16:45');
INSERT INTO Infraccion([Fecha],[Penalizacion],[Hora]) VALUES('27/11/2006','0','05:41:49');
INSERT INTO Infraccion([Fecha],[Penalizacion],[Hora]) VALUES('16/01/2013','1','23:16:34');
INSERT INTO Infraccion([Fecha],[Penalizacion],[Hora]) VALUES('10/07/2010','0','23:26:53');
INSERT INTO Infraccion([Fecha],[Penalizacion],[Hora]) VALUES('26/04/2004','3','07:45:18');
INSERT INTO Infraccion([Fecha],[Penalizacion],[Hora]) VALUES('01/04/2013','1','17:36:04');
INSERT INTO Infraccion([Fecha],[Penalizacion],[Hora]) VALUES('24/12/2003','3','08:28:37');
INSERT INTO Infraccion([Fecha],[Penalizacion],[Hora]) VALUES('13/02/2015','3','12:57:29');
INSERT INTO Infraccion([Fecha],[Penalizacion],[Hora]) VALUES('08/03/2006','3','21:53:09');
INSERT INTO Infraccion([Fecha],[Penalizacion],[Hora]) VALUES('30/08/2014','3','17:13:10');
INSERT INTO Infraccion([Fecha],[Penalizacion],[Hora]) VALUES('17/02/2009','0','07:40:40');
INSERT INTO Infraccion([Fecha],[Penalizacion],[Hora]) VALUES('01/10/2013','3','01:25:12');
INSERT INTO Infraccion([Fecha],[Penalizacion],[Hora]) VALUES('25/07/2003','0','04:41:49');
INSERT INTO Infraccion([Fecha],[Penalizacion],[Hora]) VALUES('12/03/2016','0','22:46:35');
INSERT INTO Infraccion([Fecha],[Penalizacion],[Hora]) VALUES('22/03/2010','3','23:57:14');
INSERT INTO Infraccion([Fecha],[Penalizacion],[Hora]) VALUES('14/10/2012','1','21:16:22');
INSERT INTO Infraccion([Fecha],[Penalizacion],[Hora]) VALUES('10/03/2009','0','21:06:26');
INSERT INTO Infraccion([Fecha],[Penalizacion],[Hora]) VALUES('04/04/2003','0','00:15:43');
INSERT INTO Infraccion([Fecha],[Penalizacion],[Hora]) VALUES('01/07/2006','0','03:05:58');
INSERT INTO Infraccion([Fecha],[Penalizacion],[Hora]) VALUES('15/04/2014','6','10:47:45');
INSERT INTO Infraccion([Fecha],[Penalizacion],[Hora]) VALUES('31/07/2008','0','09:20:20');
INSERT INTO Infraccion([Fecha],[Penalizacion],[Hora]) VALUES('19/02/2006','6','14:25:00');
INSERT INTO Infraccion([Fecha],[Penalizacion],[Hora]) VALUES('21/06/2016','6','14:34:27');
INSERT INTO Infraccion([Fecha],[Penalizacion],[Hora]) VALUES('11/05/2005','6','16:11:35');
INSERT INTO Infraccion([Fecha],[Penalizacion],[Hora]) VALUES('01/09/2015','0','04:44:57');
INSERT INTO Infraccion([Fecha],[Penalizacion],[Hora]) VALUES('06/04/2011','1','18:11:06');
INSERT INTO Infraccion([Fecha],[Penalizacion],[Hora]) VALUES('08/02/2016','1','15:46:40');
INSERT INTO Infraccion([Fecha],[Penalizacion],[Hora]) VALUES('21/05/2013','6','20:23:56');
INSERT INTO Infraccion([Fecha],[Penalizacion],[Hora]) VALUES('28/02/2011','6','05:37:40');
INSERT INTO Infraccion([Fecha],[Penalizacion],[Hora]) VALUES('22/08/2010','1','12:48:40');
INSERT INTO Infraccion([Fecha],[Penalizacion],[Hora]) VALUES('22/11/2016','3','01:01:39');
INSERT INTO Infraccion([Fecha],[Penalizacion],[Hora]) VALUES('13/09/2003','1','11:00:52');
INSERT INTO Infraccion([Fecha],[Penalizacion],[Hora]) VALUES('04/10/2007','3','00:23:40');
INSERT INTO Infraccion([Fecha],[Penalizacion],[Hora]) VALUES('03/03/2002','3','11:41:05');
INSERT INTO Infraccion([Fecha],[Penalizacion],[Hora]) VALUES('20/11/2005','6','23:25:29');
INSERT INTO Infraccion([Fecha],[Penalizacion],[Hora]) VALUES('12/08/2005','1','03:07:55');
INSERT INTO Infraccion([Fecha],[Penalizacion],[Hora]) VALUES('05/06/2007','3','21:26:57');
INSERT INTO Infraccion([Fecha],[Penalizacion],[Hora]) VALUES('13/10/2003','0','03:40:08');
INSERT INTO Infraccion([Fecha],[Penalizacion],[Hora]) VALUES('22/05/2012','0','22:13:22');
INSERT INTO Infraccion([Fecha],[Penalizacion],[Hora]) VALUES('24/03/2005','0','23:37:02');
INSERT INTO Infraccion([Fecha],[Penalizacion],[Hora]) VALUES('12/11/2004','6','06:20:28');
INSERT INTO Infraccion([Fecha],[Penalizacion],[Hora]) VALUES('21/10/2012','0','17:16:50');
INSERT INTO Infraccion([Fecha],[Penalizacion],[Hora]) VALUES('07/11/2008','3','04:45:00');
INSERT INTO Infraccion([Fecha],[Penalizacion],[Hora]) VALUES('20/09/2006','0','02:12:59');
INSERT INTO Infraccion([Fecha],[Penalizacion],[Hora]) VALUES('06/06/2017','3','21:48:24');
INSERT INTO Infraccion([Fecha],[Penalizacion],[Hora]) VALUES('17/12/2002','1','03:31:33');
INSERT INTO Infraccion([Fecha],[Penalizacion],[Hora]) VALUES('24/07/2008','0','17:16:56');
INSERT INTO Infraccion([Fecha],[Penalizacion],[Hora]) VALUES('24/08/2014','0','19:18:40');
INSERT INTO Infraccion([Fecha],[Penalizacion],[Hora]) VALUES('09/02/2008','0','01:48:41');
INSERT INTO Infraccion([Fecha],[Penalizacion],[Hora]) VALUES('16/05/2003','1','17:19:50');
INSERT INTO Infraccion([Fecha],[Penalizacion],[Hora]) VALUES('21/03/2011','3','20:41:23');
INSERT INTO Infraccion([Fecha],[Penalizacion],[Hora]) VALUES('02/05/2012','1','19:47:21');
INSERT INTO Infraccion([Fecha],[Penalizacion],[Hora]) VALUES('16/04/2006','0','15:18:10');
INSERT INTO Infraccion([Fecha],[Penalizacion],[Hora]) VALUES('04/08/2002','6','09:49:30');
INSERT INTO Infraccion([Fecha],[Penalizacion],[Hora]) VALUES('25/07/2014','6','11:39:44');
INSERT INTO Infraccion([Fecha],[Penalizacion],[Hora]) VALUES('16/05/2013','0','13:34:33');
INSERT INTO Infraccion([Fecha],[Penalizacion],[Hora]) VALUES('25/08/2011','1','12:21:02');
INSERT INTO Infraccion([Fecha],[Penalizacion],[Hora]) VALUES('27/10/2010','0','07:07:17');
INSERT INTO Infraccion([Fecha],[Penalizacion],[Hora]) VALUES('14/08/2016','6','14:06:12');
INSERT INTO Infraccion([Fecha],[Penalizacion],[Hora]) VALUES('06/05/2016','1','03:26:28');
INSERT INTO Infraccion([Fecha],[Penalizacion],[Hora]) VALUES('17/03/2012','0','05:25:35');
INSERT INTO Infraccion([Fecha],[Penalizacion],[Hora]) VALUES('07/10/2008','0','14:41:17');
INSERT INTO Infraccion([Fecha],[Penalizacion],[Hora]) VALUES('01/12/2005','6','01:19:44');
INSERT INTO Infraccion([Fecha],[Penalizacion],[Hora]) VALUES('02/10/2004','1','02:08:40');
INSERT INTO Infraccion([Fecha],[Penalizacion],[Hora]) VALUES('10/12/2002','6','19:38:53');
INSERT INTO Infraccion([Fecha],[Penalizacion],[Hora]) VALUES('16/03/2012','1','12:06:12');
INSERT INTO Infraccion([Fecha],[Penalizacion],[Hora]) VALUES('28/12/2006','0','02:09:09');
INSERT INTO Infraccion([Fecha],[Penalizacion],[Hora]) VALUES('24/07/2012','6','10:07:09');
INSERT INTO Infraccion([Fecha],[Penalizacion],[Hora]) VALUES('05/12/2013','1','07:07:33');
INSERT INTO Infraccion([Fecha],[Penalizacion],[Hora]) VALUES('24/12/2006','3','18:17:06');
INSERT INTO Infraccion([Fecha],[Penalizacion],[Hora]) VALUES('18/03/2005','0','03:23:02');
INSERT INTO Infraccion([Fecha],[Penalizacion],[Hora]) VALUES('02/03/2008','6','11:06:01');
INSERT INTO Infraccion([Fecha],[Penalizacion],[Hora]) VALUES('17/08/2016','0','14:08:09');
INSERT INTO Infraccion([Fecha],[Penalizacion],[Hora]) VALUES('30/09/2015','3','00:01:45');
INSERT INTO Infraccion([Fecha],[Penalizacion],[Hora]) VALUES('26/05/2006','0','08:03:27');
INSERT INTO Infraccion([Fecha],[Penalizacion],[Hora]) VALUES('14/02/2006','3','16:19:45');
INSERT INTO Infraccion([Fecha],[Penalizacion],[Hora]) VALUES('30/11/2003','0','07:06:51');
INSERT INTO Infraccion([Fecha],[Penalizacion],[Hora]) VALUES('01/03/2017','3','06:39:29');
INSERT INTO Infraccion([Fecha],[Penalizacion],[Hora]) VALUES('03/07/2006','0','01:06:21');
INSERT INTO Infraccion([Fecha],[Penalizacion],[Hora]) VALUES('20/08/2014','1','13:56:06');
INSERT INTO Infraccion([Fecha],[Penalizacion],[Hora]) VALUES('07/03/2011','6','22:49:25');
INSERT INTO Infraccion([Fecha],[Penalizacion],[Hora]) VALUES('25/03/2012','1','10:29:53');
INSERT INTO Infraccion([Fecha],[Penalizacion],[Hora]) VALUES('22/12/2016','0','19:56:38');
INSERT INTO Infraccion([Fecha],[Penalizacion],[Hora]) VALUES('06/10/2017','0','05:37:42');
INSERT INTO Infraccion([Fecha],[Penalizacion],[Hora]) VALUES('06/05/2014','0','18:45:57');
INSERT INTO Infraccion([Fecha],[Penalizacion],[Hora]) VALUES('08/01/2003','0','18:56:59');
INSERT INTO Infraccion([Fecha],[Penalizacion],[Hora]) VALUES('28/03/2010','6','18:49:22');
INSERT INTO Infraccion([Fecha],[Penalizacion],[Hora]) VALUES('29/06/2011','0','08:47:34');
INSERT INTO Infraccion([Fecha],[Penalizacion],[Hora]) VALUES('02/12/2007','0','13:05:44');
INSERT INTO Infraccion([Fecha],[Penalizacion],[Hora]) VALUES('08/11/2006','3','10:18:36');
INSERT INTO Infraccion([Fecha],[Penalizacion],[Hora]) VALUES('08/02/2010','6','13:47:19');
INSERT INTO Infraccion([Fecha],[Penalizacion],[Hora]) VALUES('03/02/2003','0','04:45:52');

-- Tabla Ubicacion

INSERT INTO Ubicacion([Calle],[Referencia]) VALUES('Bell','zapatería');
INSERT INTO Ubicacion([Calle],[Referencia]) VALUES('Kim','sala de conciertos');
INSERT INTO Ubicacion([Calle],[Referencia]) VALUES('Erickson','monumento');
INSERT INTO Ubicacion([Calle],[Referencia]) VALUES('Hurley','embajada');
INSERT INTO Ubicacion([Calle],[Referencia]) VALUES('Edwards','tienda');
INSERT INTO Ubicacion([Calle],[Referencia]) VALUES('Hoffman','frutería');
INSERT INTO Ubicacion([Calle],[Referencia]) VALUES('Wade','estadio');
INSERT INTO Ubicacion([Calle],[Referencia]) VALUES('Santana','restaurante');
INSERT INTO Ubicacion([Calle],[Referencia]) VALUES('Phelps','mercado');
INSERT INTO Ubicacion([Calle],[Referencia]) VALUES('Hampton','banco');
INSERT INTO Ubicacion([Calle],[Referencia]) VALUES('Stanley','hospital');
INSERT INTO Ubicacion([Calle],[Referencia]) VALUES('Le','biblioteca');
INSERT INTO Ubicacion([Calle],[Referencia]) VALUES('Bennett','farmacia');
INSERT INTO Ubicacion([Calle],[Referencia]) VALUES('Petty','pastelería');
INSERT INTO Ubicacion([Calle],[Referencia]) VALUES('Ochoa','cine');
INSERT INTO Ubicacion([Calle],[Referencia]) VALUES('Pena','mueblería');
INSERT INTO Ubicacion([Calle],[Referencia]) VALUES('Sandoval','teatro');
INSERT INTO Ubicacion([Calle],[Referencia]) VALUES('Craig','sala de conciertos');
INSERT INTO Ubicacion([Calle],[Referencia]) VALUES('Byrd','panadería');
INSERT INTO Ubicacion([Calle],[Referencia]) VALUES('Higgins','catedral');
INSERT INTO Ubicacion([Calle],[Referencia]) VALUES('Robbins','fábrica');
INSERT INTO Ubicacion([Calle],[Referencia]) VALUES('Finch','asilo de ancianos');
INSERT INTO Ubicacion([Calle],[Referencia]) VALUES('Mccarty','estadio');
INSERT INTO Ubicacion([Calle],[Referencia]) VALUES('Morse','cementerio');
INSERT INTO Ubicacion([Calle],[Referencia]) VALUES('Weber','estación de ferrocarril');
INSERT INTO Ubicacion([Calle],[Referencia]) VALUES('Mcguire','colegio');
INSERT INTO Ubicacion([Calle],[Referencia]) VALUES('Moody','agencia de viajes');
INSERT INTO Ubicacion([Calle],[Referencia]) VALUES('Madden','zapatería');
INSERT INTO Ubicacion([Calle],[Referencia]) VALUES('Glover','mueblería');
INSERT INTO Ubicacion([Calle],[Referencia]) VALUES('Mathis','tienda de música');
INSERT INTO Ubicacion([Calle],[Referencia]) VALUES('Page','supermercado');
INSERT INTO Ubicacion([Calle],[Referencia]) VALUES('Workman','pastelería');
INSERT INTO Ubicacion([Calle],[Referencia]) VALUES('Chan','zapatería');
INSERT INTO Ubicacion([Calle],[Referencia]) VALUES('Hebert','estación de autobuses');
INSERT INTO Ubicacion([Calle],[Referencia]) VALUES('Gonzales','sala de conciertos');
INSERT INTO Ubicacion([Calle],[Referencia]) VALUES('Bright','tienda de animales');
INSERT INTO Ubicacion([Calle],[Referencia]) VALUES('Lynch','tienda');
INSERT INTO Ubicacion([Calle],[Referencia]) VALUES('Farrell','universidad');
INSERT INTO Ubicacion([Calle],[Referencia]) VALUES('Coffey','prisión');
INSERT INTO Ubicacion([Calle],[Referencia]) VALUES('Webb','juguetería');
INSERT INTO Ubicacion([Calle],[Referencia]) VALUES('Mullins','estación del metro');
INSERT INTO Ubicacion([Calle],[Referencia]) VALUES('Rodriguez','tienda de ropas');
INSERT INTO Ubicacion([Calle],[Referencia]) VALUES('Flores','frutería');
INSERT INTO Ubicacion([Calle],[Referencia]) VALUES('Hurst','supermercado');
INSERT INTO Ubicacion([Calle],[Referencia]) VALUES('Lawson','hotel');
INSERT INTO Ubicacion([Calle],[Referencia]) VALUES('Mccullough','farmacia');
INSERT INTO Ubicacion([Calle],[Referencia]) VALUES('Williams','agencia de viajes');
INSERT INTO Ubicacion([Calle],[Referencia]) VALUES('Hawkins','embajada');
INSERT INTO Ubicacion([Calle],[Referencia]) VALUES('Freeman','tienda de música');
INSERT INTO Ubicacion([Calle],[Referencia]) VALUES('Johnston','cine');
INSERT INTO Ubicacion([Calle],[Referencia]) VALUES('Huffman','supermercado');
INSERT INTO Ubicacion([Calle],[Referencia]) VALUES('Pennington','agencia de viajes');
INSERT INTO Ubicacion([Calle],[Referencia]) VALUES('Daugherty','lavaderia');
INSERT INTO Ubicacion([Calle],[Referencia]) VALUES('Noel','colegio');
INSERT INTO Ubicacion([Calle],[Referencia]) VALUES('Serrano','farmacia');
INSERT INTO Ubicacion([Calle],[Referencia]) VALUES('Potts','estación de policía');
INSERT INTO Ubicacion([Calle],[Referencia]) VALUES('Moss','frutería');
INSERT INTO Ubicacion([Calle],[Referencia]) VALUES('Moses','cafeteria');
INSERT INTO Ubicacion([Calle],[Referencia]) VALUES('Greer','lavaderia');
INSERT INTO Ubicacion([Calle],[Referencia]) VALUES('Brady','panadería');
INSERT INTO Ubicacion([Calle],[Referencia]) VALUES('Payne','hospital');
INSERT INTO Ubicacion([Calle],[Referencia]) VALUES('Cotton','zapatería');
INSERT INTO Ubicacion([Calle],[Referencia]) VALUES('Marsh','librería');
INSERT INTO Ubicacion([Calle],[Referencia]) VALUES('Kane','hospital');
INSERT INTO Ubicacion([Calle],[Referencia]) VALUES('Carson','supermercado');
INSERT INTO Ubicacion([Calle],[Referencia]) VALUES('Moran','estatua');
INSERT INTO Ubicacion([Calle],[Referencia]) VALUES('Bass','monumento');
INSERT INTO Ubicacion([Calle],[Referencia]) VALUES('Battle','centro de la ciudad');
INSERT INTO Ubicacion([Calle],[Referencia]) VALUES('Mccoy','parque');
INSERT INTO Ubicacion([Calle],[Referencia]) VALUES('Rosales','cementerio');
INSERT INTO Ubicacion([Calle],[Referencia]) VALUES('Nguyen','pastelería');
INSERT INTO Ubicacion([Calle],[Referencia]) VALUES('Mcgowan','prisión');
INSERT INTO Ubicacion([Calle],[Referencia]) VALUES('Dale','joyería');
INSERT INTO Ubicacion([Calle],[Referencia]) VALUES('Bright','prisión');
INSERT INTO Ubicacion([Calle],[Referencia]) VALUES('Saunders','mueblería');
INSERT INTO Ubicacion([Calle],[Referencia]) VALUES('Aguirre','orfanato');
INSERT INTO Ubicacion([Calle],[Referencia]) VALUES('Brady','orfanato');
INSERT INTO Ubicacion([Calle],[Referencia]) VALUES('Hicks','catedral');
INSERT INTO Ubicacion([Calle],[Referencia]) VALUES('Rodriquez','tienda de ropas');
INSERT INTO Ubicacion([Calle],[Referencia]) VALUES('Benjamin','estación del metro');
INSERT INTO Ubicacion([Calle],[Referencia]) VALUES('Williamson','centro de artes');
INSERT INTO Ubicacion([Calle],[Referencia]) VALUES('Workman','estatua');
INSERT INTO Ubicacion([Calle],[Referencia]) VALUES('Espinoza','frutería');
INSERT INTO Ubicacion([Calle],[Referencia]) VALUES('Jennings','sala de conciertos');
INSERT INTO Ubicacion([Calle],[Referencia]) VALUES('Booker','teatro');
INSERT INTO Ubicacion([Calle],[Referencia]) VALUES('Kramer','estación de policía');
INSERT INTO Ubicacion([Calle],[Referencia]) VALUES('Cortez','gasolinera');
INSERT INTO Ubicacion([Calle],[Referencia]) VALUES('Reilly','aparcamiento');
INSERT INTO Ubicacion([Calle],[Referencia]) VALUES('Delgado','hotel');
INSERT INTO Ubicacion([Calle],[Referencia]) VALUES('Rios','colegio');
INSERT INTO Ubicacion([Calle],[Referencia]) VALUES('Chaney','fábrica');
INSERT INTO Ubicacion([Calle],[Referencia]) VALUES('Long','asilo de ancianos');
INSERT INTO Ubicacion([Calle],[Referencia]) VALUES('Callahan','estatua');
INSERT INTO Ubicacion([Calle],[Referencia]) VALUES('Coleman','puesto de periódicos');
INSERT INTO Ubicacion([Calle],[Referencia]) VALUES('Fuentes','farmacia');
INSERT INTO Ubicacion([Calle],[Referencia]) VALUES('Gillespie','asilo de ancianos');
INSERT INTO Ubicacion([Calle],[Referencia]) VALUES('Moon','cafeteria');
INSERT INTO Ubicacion([Calle],[Referencia]) VALUES('Conway','gasolinera');
INSERT INTO Ubicacion([Calle],[Referencia]) VALUES('Todd','dulceria');
INSERT INTO Ubicacion([Calle],[Referencia]) VALUES('Hopkins','zapatería');

-- Tabla Armadora

INSERT INTO Armadora([NombreArmadora],[Marca],[Calle],[Numero],[Colonia],[Delegacion],[Estado],[Codigo_Postal]) VALUES('Shannon','Nissan','Schultz',520,'DESARROLLO','Acaponet','Baja California Sur','32348');
INSERT INTO Armadora([NombreArmadora],[Marca],[Calle],[Numero],[Colonia],[Delegacion],[Estado],[Codigo_Postal]) VALUES('Soto','Toyota','Crosby',489,'VALLE DE CHALCO','Acaponet','Chihuahua','19156');
INSERT INTO Armadora([NombreArmadora],[Marca],[Calle],[Numero],[Colonia],[Delegacion],[Estado],[Codigo_Postal]) VALUES('Barton','Chevrolet','Newton',9029,'DEMET','Acambaro','Chihuahua','10338');
INSERT INTO Armadora([NombreArmadora],[Marca],[Calle],[Numero],[Colonia],[Delegacion],[Estado],[Codigo_Postal]) VALUES('Atkins','KIA','Howell',6283,'SAN JUAN','Acambay de Ruiz Castaneda','Colima','60510');
INSERT INTO Armadora([NombreArmadora],[Marca],[Calle],[Numero],[Colonia],[Delegacion],[Estado],[Codigo_Postal]) VALUES('Hancock','Chevrolet','Navarro',9167,'DEL MAR','Acapetahua','Distrito Federal','82321');
INSERT INTO Armadora([NombreArmadora],[Marca],[Calle],[Numero],[Colonia],[Delegacion],[Estado],[Codigo_Postal]) VALUES('Blevins','Toyota','Carney',2124,'DEL SOL','Abasolu','Morelos','85148');
INSERT INTO Armadora([NombreArmadora],[Marca],[Calle],[Numero],[Colonia],[Delegacion],[Estado],[Codigo_Postal]) VALUES('Watts','Chevrolet','Hayden',881,'DEL OBRERO','Acacoyagua','Michoacán','93209');
INSERT INTO Armadora([NombreArmadora],[Marca],[Calle],[Numero],[Colonia],[Delegacion],[Estado],[Codigo_Postal]) VALUES('Klein','Dodge','Sharp',7150,'CASTILLO','Abasolo','Chihuahua','14869');
INSERT INTO Armadora([NombreArmadora],[Marca],[Calle],[Numero],[Colonia],[Delegacion],[Estado],[Codigo_Postal]) VALUES('Mcbride','Dodge','York',891,'TECAMAC','Acaponet','Sinaloa','94687');
INSERT INTO Armadora([NombreArmadora],[Marca],[Calle],[Numero],[Colonia],[Delegacion],[Estado],[Codigo_Postal]) VALUES('Velazquez','Chevrolet','Oneill',4537,'DESARROLLO','Acaponet','San Luis Potosí','89129');
INSERT INTO Armadora([NombreArmadora],[Marca],[Calle],[Numero],[Colonia],[Delegacion],[Estado],[Codigo_Postal]) VALUES('Barber','Nissan','Wallace',7169,'BOSQUE','Acala','Durango','79974');
INSERT INTO Armadora([NombreArmadora],[Marca],[Calle],[Numero],[Colonia],[Delegacion],[Estado],[Codigo_Postal]) VALUES('Garner','Renault','Michael',8342,'DEMETRIO','Acambay de Ruiz Castaneda','Querétaro','55113');
INSERT INTO Armadora([NombreArmadora],[Marca],[Calle],[Numero],[Colonia],[Delegacion],[Estado],[Codigo_Postal]) VALUES('Le','Renault','Alexander',1097,'MAESTRO','Abejones','Nuevo León','23615');
INSERT INTO Armadora([NombreArmadora],[Marca],[Calle],[Numero],[Colonia],[Delegacion],[Estado],[Codigo_Postal]) VALUES('Mccoy','Mazda','Stanley',9074,'TECAMAC','Abasola','Yucatán','76660');
INSERT INTO Armadora([NombreArmadora],[Marca],[Calle],[Numero],[Colonia],[Delegacion],[Estado],[Codigo_Postal]) VALUES('Wyatt','Toyota','Le',131,'LA CRUZ','Acambay de Ruiz Castaneda','Campeche','97300');
INSERT INTO Armadora([NombreArmadora],[Marca],[Calle],[Numero],[Colonia],[Delegacion],[Estado],[Codigo_Postal]) VALUES('Villarreal','Mazda','Mcclure',1136,'GAS','Acala','San Luis Potosí','47430');
INSERT INTO Armadora([NombreArmadora],[Marca],[Calle],[Numero],[Colonia],[Delegacion],[Estado],[Codigo_Postal]) VALUES('Hyde','Chevrolet','Sellers',9644,'GARZA','Acambay de Ruiz Castaneda','Querétaro','58144');
INSERT INTO Armadora([NombreArmadora],[Marca],[Calle],[Numero],[Colonia],[Delegacion],[Estado],[Codigo_Postal]) VALUES('Cole','Volkswagen','Riddle',3989,'THIANI','Acambaro','Nayarit','13624');
INSERT INTO Armadora([NombreArmadora],[Marca],[Calle],[Numero],[Colonia],[Delegacion],[Estado],[Codigo_Postal]) VALUES('Welch','Volkswagen','Jacobson',8097,'DEMETRIO','Acajeto','San Luis Potosí','17770');
INSERT INTO Armadora([NombreArmadora],[Marca],[Calle],[Numero],[Colonia],[Delegacion],[Estado],[Codigo_Postal]) VALUES('Marshall','Mazda','Reilly',6916,'SAN JUAN','Acajeto','Querétaro','43078');
INSERT INTO Armadora([NombreArmadora],[Marca],[Calle],[Numero],[Colonia],[Delegacion],[Estado],[Codigo_Postal]) VALUES('Hood','Renault','Serrano',260,'DEMETRIO','Acanceh','Campeche','18809');
INSERT INTO Armadora([NombreArmadora],[Marca],[Calle],[Numero],[Colonia],[Delegacion],[Estado],[Codigo_Postal]) VALUES('Rasmussen','Nissan','Hernandez',413,'ATIZAPAN','Abasole','Estado de México','11614');
INSERT INTO Armadora([NombreArmadora],[Marca],[Calle],[Numero],[Colonia],[Delegacion],[Estado],[Codigo_Postal]) VALUES('Nixon','Dodge','Clayton',8396,'BENITO JUAREZ','Acacoyagua','Nayarit','14547');
INSERT INTO Armadora([NombreArmadora],[Marca],[Calle],[Numero],[Colonia],[Delegacion],[Estado],[Codigo_Postal]) VALUES('Lang','Honda','Michael',5414,'DANIEL','Abasola','Distrito Federal','65078');
INSERT INTO Armadora([NombreArmadora],[Marca],[Calle],[Numero],[Colonia],[Delegacion],[Estado],[Codigo_Postal]) VALUES('Henson','Mazda','Conrad',1721,'DARIO MARTINEZ','Abasolo','Baja California','26481');
INSERT INTO Armadora([NombreArmadora],[Marca],[Calle],[Numero],[Colonia],[Delegacion],[Estado],[Codigo_Postal]) VALUES('Schmidt','Renault','Potter',7538,'DAMIAN','Acajeto','Distrito Federal','21643');
INSERT INTO Armadora([NombreArmadora],[Marca],[Calle],[Numero],[Colonia],[Delegacion],[Estado],[Codigo_Postal]) VALUES('Pickett','Toyota','Horne',1279,'REPUBLICA','Acambaro','Durango','60736');
INSERT INTO Armadora([NombreArmadora],[Marca],[Calle],[Numero],[Colonia],[Delegacion],[Estado],[Codigo_Postal]) VALUES('Fry','Toyota','Huber',7499,'DEMET','Abala','Veracruz','28191');
INSERT INTO Armadora([NombreArmadora],[Marca],[Calle],[Numero],[Colonia],[Delegacion],[Estado],[Codigo_Postal]) VALUES('Vega','Chevrolet','Washington',2844,'DEL MAR','Acala','Nuevo León','93896');
INSERT INTO Armadora([NombreArmadora],[Marca],[Calle],[Numero],[Colonia],[Delegacion],[Estado],[Codigo_Postal]) VALUES('Jackson','Nissan','Mccall',221,'GAS','Acanceh','Sonora','18332');

-- Tabla Sistema_Camara

INSERT INTO Sistema_Camara([Colonia],[Calle],[Delegacion]) VALUES('SAN ISIDRO','Koch','Tlalpan');
INSERT INTO Sistema_Camara([Colonia],[Calle],[Delegacion]) VALUES('AGUA PRIETA','May','Coyoacan');
INSERT INTO Sistema_Camara([Colonia],[Calle],[Delegacion]) VALUES('AGUA PRIETA','Miles','Iztacalco');
INSERT INTO Sistema_Camara([Colonia],[Calle],[Delegacion]) VALUES('CARACOL','Riggs','Venustiano Carranza');
INSERT INTO Sistema_Camara([Colonia],[Calle],[Delegacion]) VALUES('LOS PINOS','Harrington','Magdalena Contreras');
INSERT INTO Sistema_Camara([Colonia],[Calle],[Delegacion]) VALUES('MAZATLA','Webster','Tlalpan');
INSERT INTO Sistema_Camara([Colonia],[Calle],[Delegacion]) VALUES('SAN ISIDRO','Gibbs','Milpa Alta');
INSERT INTO Sistema_Camara([Colonia],[Calle],[Delegacion]) VALUES('EJIDAL','Aguilar','Iztacalco');
INSERT INTO Sistema_Camara([Colonia],[Calle],[Delegacion]) VALUES('EJERCITO DEL TRABAJO','Stevenson','Magdalena Contreras');
INSERT INTO Sistema_Camara([Colonia],[Calle],[Delegacion]) VALUES('SAN JUAN','Lyons','Magdalena Contreras');
INSERT INTO Sistema_Camara([Colonia],[Calle],[Delegacion]) VALUES('SANTA MARIA','Jimenez','Xochimilco');
INSERT INTO Sistema_Camara([Colonia],[Calle],[Delegacion]) VALUES('EJERCITO DEL TRABAJO','Sherman','Iztapalapa');
INSERT INTO Sistema_Camara([Colonia],[Calle],[Delegacion]) VALUES('ECATEPEC DE MORELOS','Galloway','Cuauhtemoc');
INSERT INTO Sistema_Camara([Colonia],[Calle],[Delegacion]) VALUES('EDUARDO MOLINA','Alexander','Iztapalapa');
INSERT INTO Sistema_Camara([Colonia],[Calle],[Delegacion]) VALUES('ECATEPEC DE MORELOS','Mendez','Gustavo A. Madero');
INSERT INTO Sistema_Camara([Colonia],[Calle],[Delegacion]) VALUES('LOS PINOS','Odonnell','Magdalena Contreras');
INSERT INTO Sistema_Camara([Colonia],[Calle],[Delegacion]) VALUES('EJIDAL','Burch','Tlalpan');
INSERT INTO Sistema_Camara([Colonia],[Calle],[Delegacion]) VALUES('CUAUTITLAN','Silva','Iztapalapa');
INSERT INTO Sistema_Camara([Colonia],[Calle],[Delegacion]) VALUES('LOS PINOS','Mckenzie','Coyoacan');
INSERT INTO Sistema_Camara([Colonia],[Calle],[Delegacion]) VALUES('AGUA PRIETA','Mccormick','Cuajimalpa de Morelos');
INSERT INTO Sistema_Camara([Colonia],[Calle],[Delegacion]) VALUES('SAN JUAN','Marsh','Álvaro Obregon');
INSERT INTO Sistema_Camara([Colonia],[Calle],[Delegacion]) VALUES('EJERCITO','Rodriquez','Álvaro Obregon');
INSERT INTO Sistema_Camara([Colonia],[Calle],[Delegacion]) VALUES('SANTA MARIA','Norris','Álvaro Obregon');
INSERT INTO Sistema_Camara([Colonia],[Calle],[Delegacion]) VALUES('NICOLAS ROMERO','Mack','Miguel Hidalgo');
INSERT INTO Sistema_Camara([Colonia],[Calle],[Delegacion]) VALUES('SANTA MARIA','Carson','Venustiano Carranza');
INSERT INTO Sistema_Camara([Colonia],[Calle],[Delegacion]) VALUES('ARAGON','Bray','Iztacalco');
INSERT INTO Sistema_Camara([Colonia],[Calle],[Delegacion]) VALUES('CARACOL','Mcclure','Azcapotzalco');
INSERT INTO Sistema_Camara([Colonia],[Calle],[Delegacion]) VALUES('EJERCITO DEL TRABAJO','Lindsey','Iztacalco');
INSERT INTO Sistema_Camara([Colonia],[Calle],[Delegacion]) VALUES('ETULTITLAN','Lopez','Cuauhtemoc');
INSERT INTO Sistema_Camara([Colonia],[Calle],[Delegacion]) VALUES('EDUARDO MOLINA','Pickett','Venustiano Carranza');
INSERT INTO Sistema_Camara([Colonia],[Calle],[Delegacion]) VALUES('EJERCITO DEL TRABAJO','Kinney','Cuajimalpa de Morelos');
INSERT INTO Sistema_Camara([Colonia],[Calle],[Delegacion]) VALUES('ATLAUTENCO','Perez','Iztacalco');
INSERT INTO Sistema_Camara([Colonia],[Calle],[Delegacion]) VALUES('LOS PINOS','Carney','Tlalpan');
INSERT INTO Sistema_Camara([Colonia],[Calle],[Delegacion]) VALUES('CUAUTITLAN','Bullock','Azcapotzalco');
INSERT INTO Sistema_Camara([Colonia],[Calle],[Delegacion]) VALUES('AXOTLAN','Church','Milpa Alta');
INSERT INTO Sistema_Camara([Colonia],[Calle],[Delegacion]) VALUES('SAN JUAN','Olsen','Gustavo A. Madero');
INSERT INTO Sistema_Camara([Colonia],[Calle],[Delegacion]) VALUES('LOS PINOS','Hurst','Magdalena Contreras');
INSERT INTO Sistema_Camara([Colonia],[Calle],[Delegacion]) VALUES('NICOLAS ROMERO','Norris','Gustavo A. Madero');
INSERT INTO Sistema_Camara([Colonia],[Calle],[Delegacion]) VALUES('SAN SALVADOR','Vang','Azcapotzalco');
INSERT INTO Sistema_Camara([Colonia],[Calle],[Delegacion]) VALUES('JILOTZINGO','Hull','Benito Juarez');
INSERT INTO Sistema_Camara([Colonia],[Calle],[Delegacion]) VALUES('SAN JUAN','Wolf','Álvaro Obregon');
INSERT INTO Sistema_Camara([Colonia],[Calle],[Delegacion]) VALUES('SANTA MARIA','Whitehead','Cuajimalpa de Morelos');
INSERT INTO Sistema_Camara([Colonia],[Calle],[Delegacion]) VALUES('JILOTZINGO','Sherman','Magdalena Contreras');
INSERT INTO Sistema_Camara([Colonia],[Calle],[Delegacion]) VALUES('ETULTITLAN','Sharp','Tláhuac');
INSERT INTO Sistema_Camara([Colonia],[Calle],[Delegacion]) VALUES('ATLAUTENCO','Pace','Benito Juarez');
INSERT INTO Sistema_Camara([Colonia],[Calle],[Delegacion]) VALUES('EJERCITO DEL TRABAJO','Boyle','Álvaro Obregon');
INSERT INTO Sistema_Camara([Colonia],[Calle],[Delegacion]) VALUES('LOS PINOS','Rutledge','Gustavo A. Madero');
INSERT INTO Sistema_Camara([Colonia],[Calle],[Delegacion]) VALUES('SANTA MARIA','Melendez','Coyoacan');
INSERT INTO Sistema_Camara([Colonia],[Calle],[Delegacion]) VALUES('ATLAUTENCO','Burt','Iztapalapa');
INSERT INTO Sistema_Camara([Colonia],[Calle],[Delegacion]) VALUES('MAZATLA','Meyer','Tláhuac');

-- Tabla EntreCalles

INSERT INTO EntreCalles([Ubicacion],[Calle1],[Calle2],[Calle3]) VALUES(1,'Wooten','Conner','Buckner');
INSERT INTO EntreCalles([Ubicacion],[Calle1],[Calle2],[Calle3]) VALUES(2,'Barrera','Horn','Gilmore');
INSERT INTO EntreCalles([Ubicacion],[Calle1],[Calle2],[Calle3]) VALUES(3,'Ware','Hodges','Stanley');
INSERT INTO EntreCalles([Ubicacion],[Calle1],[Calle2],[Calle3]) VALUES(4,'Aguilar','Sampson','Callahan');
INSERT INTO EntreCalles([Ubicacion],[Calle1],[Calle2],[Calle3]) VALUES(5,'Villarreal','Boone','Vincent');
INSERT INTO EntreCalles([Ubicacion],[Calle1],[Calle2],[Calle3]) VALUES(6,'Morgan','Decker','Thornton');
INSERT INTO EntreCalles([Ubicacion],[Calle1],[Calle2],[Calle3]) VALUES(7,'Green','Myers','Shannon');
INSERT INTO EntreCalles([Ubicacion],[Calle1],[Calle2],[Calle3]) VALUES(8,'Combs','Baldwin','Acosta');
INSERT INTO EntreCalles([Ubicacion],[Calle1],[Calle2],[Calle3]) VALUES(9,'Berry','Harrell','Sweet');
INSERT INTO EntreCalles([Ubicacion],[Calle1],[Calle2],[Calle3]) VALUES(10,'Dennis','Duke','Cummings');
INSERT INTO EntreCalles([Ubicacion],[Calle1],[Calle2],[Calle3]) VALUES(11,'Mccormick','Frazier','Allison');
INSERT INTO EntreCalles([Ubicacion],[Calle1],[Calle2],[Calle3]) VALUES(12,'Ashley','Rivera','Ochoa');
INSERT INTO EntreCalles([Ubicacion],[Calle1],[Calle2],[Calle3]) VALUES(13,'Cain','Odom','Hendrix');
INSERT INTO EntreCalles([Ubicacion],[Calle1],[Calle2],[Calle3]) VALUES(14,'Morrison','Moreno','Bright');
INSERT INTO EntreCalles([Ubicacion],[Calle1],[Calle2],[Calle3]) VALUES(15,'Harper','Joyce','Christian');
INSERT INTO EntreCalles([Ubicacion],[Calle1],[Calle2],[Calle3]) VALUES(16,'Travis','Jefferson','Bell');
INSERT INTO EntreCalles([Ubicacion],[Calle1],[Calle2],[Calle3]) VALUES(17,'Barry','English','Miranda');
INSERT INTO EntreCalles([Ubicacion],[Calle1],[Calle2],[Calle3]) VALUES(18,'York','Quinn','Benson');
INSERT INTO EntreCalles([Ubicacion],[Calle1],[Calle2],[Calle3]) VALUES(19,'Goodwin','Dunn','Roberson');
INSERT INTO EntreCalles([Ubicacion],[Calle1],[Calle2],[Calle3]) VALUES(20,'Jensen','Monroe','Lowe');
INSERT INTO EntreCalles([Ubicacion],[Calle1],[Calle2],[Calle3]) VALUES(21,'Vinson','Buckley','Miranda');
INSERT INTO EntreCalles([Ubicacion],[Calle1],[Calle2],[Calle3]) VALUES(22,'Cruz','Mcconnell','Farmer');
INSERT INTO EntreCalles([Ubicacion],[Calle1],[Calle2],[Calle3]) VALUES(23,'Hebert','Bowen','Kirk');
INSERT INTO EntreCalles([Ubicacion],[Calle1],[Calle2],[Calle3]) VALUES(24,'Knox','Hester','Simpson');
INSERT INTO EntreCalles([Ubicacion],[Calle1],[Calle2],[Calle3]) VALUES(25,'Vang','Ward','Chavez');
INSERT INTO EntreCalles([Ubicacion],[Calle1],[Calle2],[Calle3]) VALUES(26,'Erickson','Stanton','Hunter');
INSERT INTO EntreCalles([Ubicacion],[Calle1],[Calle2],[Calle3]) VALUES(27,'Welch','Barron','Bradford');
INSERT INTO EntreCalles([Ubicacion],[Calle1],[Calle2],[Calle3]) VALUES(28,'Todd','Merrill','Wells');
INSERT INTO EntreCalles([Ubicacion],[Calle1],[Calle2],[Calle3]) VALUES(29,'Elliott','Riley','Atkins');
INSERT INTO EntreCalles([Ubicacion],[Calle1],[Calle2],[Calle3]) VALUES(30,'Rivers','Gardner','Alston');
INSERT INTO EntreCalles([Ubicacion],[Calle1],[Calle2],[Calle3]) VALUES(31,'Wyatt','Pope','Hickman');
INSERT INTO EntreCalles([Ubicacion],[Calle1],[Calle2],[Calle3]) VALUES(32,'Stone','Rollins','Klein');
INSERT INTO EntreCalles([Ubicacion],[Calle1],[Calle2],[Calle3]) VALUES(33,'Pickett','Walters','Foster');
INSERT INTO EntreCalles([Ubicacion],[Calle1],[Calle2],[Calle3]) VALUES(34,'Gallagher','Stephens','Mcguire');
INSERT INTO EntreCalles([Ubicacion],[Calle1],[Calle2],[Calle3]) VALUES(35,'Gibson','Castro','Sosa');
INSERT INTO EntreCalles([Ubicacion],[Calle1],[Calle2],[Calle3]) VALUES(36,'Francis','Macdonald','Melendez');
INSERT INTO EntreCalles([Ubicacion],[Calle1],[Calle2],[Calle3]) VALUES(37,'England','Howell','Barron');
INSERT INTO EntreCalles([Ubicacion],[Calle1],[Calle2],[Calle3]) VALUES(38,'Chaney','Watson','Martin');
INSERT INTO EntreCalles([Ubicacion],[Calle1],[Calle2],[Calle3]) VALUES(39,'Villarreal','Petty','Kim');
INSERT INTO EntreCalles([Ubicacion],[Calle1],[Calle2],[Calle3]) VALUES(40,'Jennings','Kramer','Berger');
INSERT INTO EntreCalles([Ubicacion],[Calle1],[Calle2],[Calle3]) VALUES(41,'Rose','Hawkins','Marshall');
INSERT INTO EntreCalles([Ubicacion],[Calle1],[Calle2],[Calle3]) VALUES(42,'Church','Ferrell','White');
INSERT INTO EntreCalles([Ubicacion],[Calle1],[Calle2],[Calle3]) VALUES(43,'Roberts','Daniel','Bowman');
INSERT INTO EntreCalles([Ubicacion],[Calle1],[Calle2],[Calle3]) VALUES(44,'Mathis','Campbell','Booker');
INSERT INTO EntreCalles([Ubicacion],[Calle1],[Calle2],[Calle3]) VALUES(45,'Leon','Valenzuela','Gregory');
INSERT INTO EntreCalles([Ubicacion],[Calle1],[Calle2],[Calle3]) VALUES(46,'Pruitt','Roth','Daniel');
INSERT INTO EntreCalles([Ubicacion],[Calle1],[Calle2],[Calle3]) VALUES(47,'Townsend','Levy','Wise');
INSERT INTO EntreCalles([Ubicacion],[Calle1],[Calle2],[Calle3]) VALUES(48,'Compton','Rodriguez','Cannon');
INSERT INTO EntreCalles([Ubicacion],[Calle1],[Calle2],[Calle3]) VALUES(49,'Palmer','Slater','Brewer');
INSERT INTO EntreCalles([Ubicacion],[Calle1],[Calle2],[Calle3]) VALUES(50,'Armstrong','Vincent','Case');
INSERT INTO EntreCalles([Ubicacion],[Calle1],[Calle2],[Calle3]) VALUES(51,'Gordon','Ball','Pierce');
INSERT INTO EntreCalles([Ubicacion],[Calle1],[Calle2],[Calle3]) VALUES(52,'Cote','Ortiz','Fischer');
INSERT INTO EntreCalles([Ubicacion],[Calle1],[Calle2],[Calle3]) VALUES(53,'Gibson','Mcbride','Albert');
INSERT INTO EntreCalles([Ubicacion],[Calle1],[Calle2],[Calle3]) VALUES(54,'Oneil','Carey','Thompson');
INSERT INTO EntreCalles([Ubicacion],[Calle1],[Calle2],[Calle3]) VALUES(55,'Carver','Mullen','Sargent');
INSERT INTO EntreCalles([Ubicacion],[Calle1],[Calle2],[Calle3]) VALUES(56,'Kemp','Pratt','Rojas');
INSERT INTO EntreCalles([Ubicacion],[Calle1],[Calle2],[Calle3]) VALUES(57,'Thompson','Mccarty','Stevenson');
INSERT INTO EntreCalles([Ubicacion],[Calle1],[Calle2],[Calle3]) VALUES(58,'Saunders','Head','Walter');
INSERT INTO EntreCalles([Ubicacion],[Calle1],[Calle2],[Calle3]) VALUES(59,'Foley','Mcneil','Rojas');
INSERT INTO EntreCalles([Ubicacion],[Calle1],[Calle2],[Calle3]) VALUES(60,'Greer','Cruz','Peck');
INSERT INTO EntreCalles([Ubicacion],[Calle1],[Calle2],[Calle3]) VALUES(61,'Dillard','Dillard','Mckenzie');
INSERT INTO EntreCalles([Ubicacion],[Calle1],[Calle2],[Calle3]) VALUES(62,'Figueroa','Herrera','Harding');
INSERT INTO EntreCalles([Ubicacion],[Calle1],[Calle2],[Calle3]) VALUES(63,'Cameron','Dean','Parks');
INSERT INTO EntreCalles([Ubicacion],[Calle1],[Calle2],[Calle3]) VALUES(64,'Joseph','Sloan','Figueroa');
INSERT INTO EntreCalles([Ubicacion],[Calle1],[Calle2],[Calle3]) VALUES(65,'Brady','Rodriguez','Frank');
INSERT INTO EntreCalles([Ubicacion],[Calle1],[Calle2],[Calle3]) VALUES(66,'Colon','Richmond','Sanchez');
INSERT INTO EntreCalles([Ubicacion],[Calle1],[Calle2],[Calle3]) VALUES(67,'Estrada','Coleman','Scott');
INSERT INTO EntreCalles([Ubicacion],[Calle1],[Calle2],[Calle3]) VALUES(68,'Alexander','Duncan','Hicks');
INSERT INTO EntreCalles([Ubicacion],[Calle1],[Calle2],[Calle3]) VALUES(69,'Griffin','Hoffman','Gutierrez');
INSERT INTO EntreCalles([Ubicacion],[Calle1],[Calle2],[Calle3]) VALUES(70,'Hooper','Merritt','Sears');
INSERT INTO EntreCalles([Ubicacion],[Calle1],[Calle2],[Calle3]) VALUES(71,'Lyons','Mueller','Cain');
INSERT INTO EntreCalles([Ubicacion],[Calle1],[Calle2],[Calle3]) VALUES(72,'Hale','Mayo','Beach');
INSERT INTO EntreCalles([Ubicacion],[Calle1],[Calle2],[Calle3]) VALUES(73,'Burris','Wilkerson','Shaw');
INSERT INTO EntreCalles([Ubicacion],[Calle1],[Calle2],[Calle3]) VALUES(74,'Bond','Freeman','Diaz');
INSERT INTO EntreCalles([Ubicacion],[Calle1],[Calle2],[Calle3]) VALUES(75,'Wade','Page','Emerson');
INSERT INTO EntreCalles([Ubicacion],[Calle1],[Calle2],[Calle3]) VALUES(76,'Henson','Bryan','Bowman');
INSERT INTO EntreCalles([Ubicacion],[Calle1],[Calle2],[Calle3]) VALUES(77,'Kerr','Washington','Barnett');
INSERT INTO EntreCalles([Ubicacion],[Calle1],[Calle2],[Calle3]) VALUES(78,'Meadows','Shaffer','Nicholson');
INSERT INTO EntreCalles([Ubicacion],[Calle1],[Calle2],[Calle3]) VALUES(79,'Compton','Fernandez','Chandler');
INSERT INTO EntreCalles([Ubicacion],[Calle1],[Calle2],[Calle3]) VALUES(80,'Schultz','Bates','Hess');
INSERT INTO EntreCalles([Ubicacion],[Calle1],[Calle2],[Calle3]) VALUES(81,'Bender','Dotson','May');
INSERT INTO EntreCalles([Ubicacion],[Calle1],[Calle2],[Calle3]) VALUES(82,'Langley','Trujillo','Wiggins');
INSERT INTO EntreCalles([Ubicacion],[Calle1],[Calle2],[Calle3]) VALUES(83,'Garcia','Norris','Lynch');
INSERT INTO EntreCalles([Ubicacion],[Calle1],[Calle2],[Calle3]) VALUES(84,'Gibson','Delaney','Bentley');
INSERT INTO EntreCalles([Ubicacion],[Calle1],[Calle2],[Calle3]) VALUES(85,'Solis','Pratt','Mccoy');
INSERT INTO EntreCalles([Ubicacion],[Calle1],[Calle2],[Calle3]) VALUES(86,'Mccormick','Little','Torres');
INSERT INTO EntreCalles([Ubicacion],[Calle1],[Calle2],[Calle3]) VALUES(87,'Townsend','Yang','Phillips');
INSERT INTO EntreCalles([Ubicacion],[Calle1],[Calle2],[Calle3]) VALUES(88,'Moreno','Sparks','Bailey');
INSERT INTO EntreCalles([Ubicacion],[Calle1],[Calle2],[Calle3]) VALUES(89,'Thomas','Morrison','Mendoza');
INSERT INTO EntreCalles([Ubicacion],[Calle1],[Calle2],[Calle3]) VALUES(90,'Dorsey','Pollard','Witt');
INSERT INTO EntreCalles([Ubicacion],[Calle1],[Calle2],[Calle3]) VALUES(91,'Mclaughlin','Richard','Shepard');
INSERT INTO EntreCalles([Ubicacion],[Calle1],[Calle2],[Calle3]) VALUES(92,'Rollins','Price','Ramsey');
INSERT INTO EntreCalles([Ubicacion],[Calle1],[Calle2],[Calle3]) VALUES(93,'Haney','Schwartz','Willis');
INSERT INTO EntreCalles([Ubicacion],[Calle1],[Calle2],[Calle3]) VALUES(94,'Elliott','Mckay','Horn');
INSERT INTO EntreCalles([Ubicacion],[Calle1],[Calle2],[Calle3]) VALUES(95,'Erickson','Obrien','Steele');
INSERT INTO EntreCalles([Ubicacion],[Calle1],[Calle2],[Calle3]) VALUES(96,'Rodriguez','Miles','Ewing');
INSERT INTO EntreCalles([Ubicacion],[Calle1],[Calle2],[Calle3]) VALUES(97,'Gates','Levy','Berger');
INSERT INTO EntreCalles([Ubicacion],[Calle1],[Calle2],[Calle3]) VALUES(98,'Owen','Ewing','Mullins');
INSERT INTO EntreCalles([Ubicacion],[Calle1],[Calle2],[Calle3]) VALUES(99,'Santos','Brown','Rowland');
INSERT INTO EntreCalles([Ubicacion],[Calle1],[Calle2],[Calle3]) VALUES(100,'Edwards','Cote','England');

-- Tabla Agente

INSERT INTO Agente([N_Registro_Personal],[RFC],[Sector]) VALUES(617228,'EIWJ040812KGA','LOS PINOS');
INSERT INTO Agente([N_Registro_Personal],[RFC],[Sector]) VALUES(823941,'CUCH751223ICK','NICOLAS ROMERO');
INSERT INTO Agente([N_Registro_Personal],[RFC],[Sector]) VALUES(533669,'VOTE990725YEF','AXOTLAN');
INSERT INTO Agente([N_Registro_Personal],[RFC],[Sector]) VALUES(433859,'QEMH931129MSE','EJERCITO DEL TRABAJO');
INSERT INTO Agente([N_Registro_Personal],[RFC],[Sector]) VALUES(143861,'AEXU150823JHC','ETULTITLAN');
INSERT INTO Agente([N_Registro_Personal],[RFC],[Sector]) VALUES(899788,'OIRZ030710UMU','ARAGON');
INSERT INTO Agente([N_Registro_Personal],[RFC],[Sector]) VALUES(175427,'MIMP970803ZVB','AXOTLAN');
INSERT INTO Agente([N_Registro_Personal],[RFC],[Sector]) VALUES(266367,'EITV060303EFX','EDUARDO MOLINA');
INSERT INTO Agente([N_Registro_Personal],[RFC],[Sector]) VALUES(565477,'VIYD870117XKV','JILOTZINGO');
INSERT INTO Agente([N_Registro_Personal],[RFC],[Sector]) VALUES(987059,'EANT070504GAA','NICOLAS ROMERO');
INSERT INTO Agente([N_Registro_Personal],[RFC],[Sector]) VALUES(841693,'CIPC820807MYV','CUAUTITLAN');
INSERT INTO Agente([N_Registro_Personal],[RFC],[Sector]) VALUES(303274,'PUDJ830825TFI','MAZATLA');
INSERT INTO Agente([N_Registro_Personal],[RFC],[Sector]) VALUES(862768,'CERS730711FMX','MAZATLA');
INSERT INTO Agente([N_Registro_Personal],[RFC],[Sector]) VALUES(804790,'AUCP770407QUG','SANTA MARIA');
INSERT INTO Agente([N_Registro_Personal],[RFC],[Sector]) VALUES(142901,'PEYQ930727NTA','NICOLAS ROMERO');
INSERT INTO Agente([N_Registro_Personal],[RFC],[Sector]) VALUES(599797,'MUBX831126NFW','SAN ISIDRO');
INSERT INTO Agente([N_Registro_Personal],[RFC],[Sector]) VALUES(134849,'AEUN920608BVF','SANTA MARIA');
INSERT INTO Agente([N_Registro_Personal],[RFC],[Sector]) VALUES(607896,'REIG020204KXB','AXOTLAN');
INSERT INTO Agente([N_Registro_Personal],[RFC],[Sector]) VALUES(530754,'WOPX070617FJO','JILOTZINGO');
INSERT INTO Agente([N_Registro_Personal],[RFC],[Sector]) VALUES(618533,'AERU010927DCC','JILOTZINGO');
INSERT INTO Agente([N_Registro_Personal],[RFC],[Sector]) VALUES(922343,'KIHE971114IDT','LOS PINOS');
INSERT INTO Agente([N_Registro_Personal],[RFC],[Sector]) VALUES(768875,'UONT770323UDW','SAN ISIDRO');
INSERT INTO Agente([N_Registro_Personal],[RFC],[Sector]) VALUES(929652,'UOEW841007QDE','SAN ISIDRO');
INSERT INTO Agente([N_Registro_Personal],[RFC],[Sector]) VALUES(900490,'AIPB890225LIA','CARACOL');
INSERT INTO Agente([N_Registro_Personal],[RFC],[Sector]) VALUES(264273,'NIZG720520TUU','ETULTITLAN');
INSERT INTO Agente([N_Registro_Personal],[RFC],[Sector]) VALUES(681759,'UEGO880915WRX','SAN SALVADOR');
INSERT INTO Agente([N_Registro_Personal],[RFC],[Sector]) VALUES(165401,'OIYS170304FDD','EL PINO');
INSERT INTO Agente([N_Registro_Personal],[RFC],[Sector]) VALUES(287738,'WUUZ980403QKH','EJERCITO DEL TRABAJO');

--SELECT * FROM Licencia
-- Tabla Con_Licencia

INSERT INTO Con_Licencia([IdLicencia],[RFC]) VALUES('F34417506','YOUA091018MHZ');
INSERT INTO Con_Licencia([IdLicencia],[RFC]) VALUES('M36949110','AIIW770406KMX');
INSERT INTO Con_Licencia([IdLicencia],[RFC]) VALUES('R25469373','YUCW900924RPR');
INSERT INTO Con_Licencia([IdLicencia],[RFC]) VALUES('J67661937','CAVE090304LTV');
INSERT INTO Con_Licencia([IdLicencia],[RFC]) VALUES('S10397406','VIYD870117XKV');
INSERT INTO Con_Licencia([IdLicencia],[RFC]) VALUES('Z37598566','FOMH760603SUO');
INSERT INTO Con_Licencia([IdLicencia],[RFC]) VALUES('V54148484','IUZK930601JVF');
INSERT INTO Con_Licencia([IdLicencia],[RFC]) VALUES('F79202911','YOVE890723QBS');
INSERT INTO Con_Licencia([IdLicencia],[RFC]) VALUES('I86684613','VOTE990725YEF');
INSERT INTO Con_Licencia([IdLicencia],[RFC]) VALUES('R92166205','EITV060303EFX');
INSERT INTO Con_Licencia([IdLicencia],[RFC]) VALUES('C21529852','YOQT980805LSA');
INSERT INTO Con_Licencia([IdLicencia],[RFC]) VALUES('L18054319','MESO760712WEO');
INSERT INTO Con_Licencia([IdLicencia],[RFC]) VALUES('G44314266','OIYS170304FDD');
INSERT INTO Con_Licencia([IdLicencia],[RFC]) VALUES('S27832213','UEGO880915WRX');
INSERT INTO Con_Licencia([IdLicencia],[RFC]) VALUES('V84757469','ZUGD121113YZV');
INSERT INTO Con_Licencia([IdLicencia],[RFC]) VALUES('E36811709','CIPC820807MYV');
INSERT INTO Con_Licencia([IdLicencia],[RFC]) VALUES('K47878207','VAQR970924LJW');
INSERT INTO Con_Licencia([IdLicencia],[RFC]) VALUES('K20197695','KIHE971114IDT');
INSERT INTO Con_Licencia([IdLicencia],[RFC]) VALUES('O23135982','IUZK930601JVF');
INSERT INTO Con_Licencia([IdLicencia],[RFC]) VALUES('I69165786','MESO760712WEO');
INSERT INTO Con_Licencia([IdLicencia],[RFC]) VALUES('R62940689','AEUN920608BVF');
INSERT INTO Con_Licencia([IdLicencia],[RFC]) VALUES('N93701776','JAAE780521IAL');
INSERT INTO Con_Licencia([IdLicencia],[RFC]) VALUES('I58600188','LUWQ850219WYV');
INSERT INTO Con_Licencia([IdLicencia],[RFC]) VALUES('G85391150','IUZK930601JVF');
INSERT INTO Con_Licencia([IdLicencia],[RFC]) VALUES('Y69840585','NIZG720520TUU');
INSERT INTO Con_Licencia([IdLicencia],[RFC]) VALUES('T60861081','EIGN830527GXM');
INSERT INTO Con_Licencia([IdLicencia],[RFC]) VALUES('E88275848','XINY700929VZJ');
INSERT INTO Con_Licencia([IdLicencia],[RFC]) VALUES('C71804908','TIDM070703ONK');
INSERT INTO Con_Licencia([IdLicencia],[RFC]) VALUES('R12812610','EANT070504GAA');
INSERT INTO Con_Licencia([IdLicencia],[RFC]) VALUES('H67001835','LIPU850110RGB');
INSERT INTO Con_Licencia([IdLicencia],[RFC]) VALUES('R86754001','EUBP030227SYB');
INSERT INTO Con_Licencia([IdLicencia],[RFC]) VALUES('M57837950','TIDM070703ONK');
INSERT INTO Con_Licencia([IdLicencia],[RFC]) VALUES('H18703123','LINR150404CYT');
INSERT INTO Con_Licencia([IdLicencia],[RFC]) VALUES('X94512806','AOTR800129MRV');
INSERT INTO Con_Licencia([IdLicencia],[RFC]) VALUES('F46599712','CIPC820807MYV');
INSERT INTO Con_Licencia([IdLicencia],[RFC]) VALUES('D52354782','SEST101010NZT');
INSERT INTO Con_Licencia([IdLicencia],[RFC]) VALUES('A96300266','AEUN920608BVF');
INSERT INTO Con_Licencia([IdLicencia],[RFC]) VALUES('B66326361','XINY700929VZJ');
INSERT INTO Con_Licencia([IdLicencia],[RFC]) VALUES('S15215710','JAAE780521IAL');
INSERT INTO Con_Licencia([IdLicencia],[RFC]) VALUES('L74541442','AEXU150823JHC');
INSERT INTO Con_Licencia([IdLicencia],[RFC]) VALUES('O37271565','MUBX831126NFW');
INSERT INTO Con_Licencia([IdLicencia],[RFC]) VALUES('P53283586','REIG020204KXB');

-- Tabla Comete

INSERT INTO Comete([IdExpediente],[RFC]) VALUES(15,'IUZK930601JVF');
INSERT INTO Comete([IdExpediente],[RFC]) VALUES(3,'AEUN920608BVF');
INSERT INTO Comete([IdExpediente],[RFC]) VALUES(78,'KIHE971114IDT');
INSERT INTO Comete([IdExpediente],[RFC]) VALUES(1,'IUZK930601JVF');
INSERT INTO Comete([IdExpediente],[RFC]) VALUES(29,'NIZG720520TUU');
INSERT INTO Comete([IdExpediente],[RFC]) VALUES(16,'IUZK930601JVF');
INSERT INTO Comete([IdExpediente],[RFC]) VALUES(52,'IUZK930601JVF');
INSERT INTO Comete([IdExpediente],[RFC]) VALUES(82,'CAVE090304LTV');
INSERT INTO Comete([IdExpediente],[RFC]) VALUES(72,'ZUGD121113YZV');
INSERT INTO Comete([IdExpediente],[RFC]) VALUES(7,'MUBX831126NFW');
INSERT INTO Comete([IdExpediente],[RFC]) VALUES(56,'AEUN920608BVF');
INSERT INTO Comete([IdExpediente],[RFC]) VALUES(37,'CIPC820807MYV');
INSERT INTO Comete([IdExpediente],[RFC]) VALUES(24,'AIIW770406KMX');
INSERT INTO Comete([IdExpediente],[RFC]) VALUES(30,'MUBX831126NFW');
INSERT INTO Comete([IdExpediente],[RFC]) VALUES(33,'YOUA091018MHZ');
INSERT INTO Comete([IdExpediente],[RFC]) VALUES(94,'EANT070504GAA');
INSERT INTO Comete([IdExpediente],[RFC]) VALUES(46,'AIIW770406KMX');
INSERT INTO Comete([IdExpediente],[RFC]) VALUES(5,'TIDM070703ONK');
INSERT INTO Comete([IdExpediente],[RFC]) VALUES(38,'VOTE990725YEF');
INSERT INTO Comete([IdExpediente],[RFC]) VALUES(51,'ZUGD121113YZV');
INSERT INTO Comete([IdExpediente],[RFC]) VALUES(22,'IUZK930601JVF');
INSERT INTO Comete([IdExpediente],[RFC]) VALUES(45,'MUBX831126NFW');
INSERT INTO Comete([IdExpediente],[RFC]) VALUES(98,'MESO760712WEO');
INSERT INTO Comete([IdExpediente],[RFC]) VALUES(83,'VIYD870117XKV');
INSERT INTO Comete([IdExpediente],[RFC]) VALUES(76,'LINR150404CYT');
INSERT INTO Comete([IdExpediente],[RFC]) VALUES(90,'EANT070504GAA');
INSERT INTO Comete([IdExpediente],[RFC]) VALUES(73,'JAAE780521IAL');
INSERT INTO Comete([IdExpediente],[RFC]) VALUES(4,'MUBX831126NFW');
INSERT INTO Comete([IdExpediente],[RFC]) VALUES(35,'TIDM070703ONK');
INSERT INTO Comete([IdExpediente],[RFC]) VALUES(85,'AEUN920608BVF');
INSERT INTO Comete([IdExpediente],[RFC]) VALUES(68,'YOVE890723QBS');
INSERT INTO Comete([IdExpediente],[RFC]) VALUES(43,'VAQR970924LJW');
INSERT INTO Comete([IdExpediente],[RFC]) VALUES(95,'XINY700929VZJ');
INSERT INTO Comete([IdExpediente],[RFC]) VALUES(47,'OIYS170304FDD');
INSERT INTO Comete([IdExpediente],[RFC]) VALUES(67,'ZUGD121113YZV');
INSERT INTO Comete([IdExpediente],[RFC]) VALUES(60,'XINY700929VZJ');
INSERT INTO Comete([IdExpediente],[RFC]) VALUES(70,'SEST101010NZT');
INSERT INTO Comete([IdExpediente],[RFC]) VALUES(6,'EUBP030227SYB');
INSERT INTO Comete([IdExpediente],[RFC]) VALUES(39,'JAAE780521IAL');
INSERT INTO Comete([IdExpediente],[RFC]) VALUES(65,'OIYS170304FDD');
INSERT INTO Comete([IdExpediente],[RFC]) VALUES(61,'OIYS170304FDD');
INSERT INTO Comete([IdExpediente],[RFC]) VALUES(10,'SEST101010NZT');
INSERT INTO Comete([IdExpediente],[RFC]) VALUES(55,'MESO760712WEO');
INSERT INTO Comete([IdExpediente],[RFC]) VALUES(86,'TIDM070703ONK');
INSERT INTO Comete([IdExpediente],[RFC]) VALUES(18,'JAAE780521IAL');
INSERT INTO Comete([IdExpediente],[RFC]) VALUES(62,'KIHE971114IDT');
INSERT INTO Comete([IdExpediente],[RFC]) VALUES(74,'VAQR970924LJW');
INSERT INTO Comete([IdExpediente],[RFC]) VALUES(69,'YOVE890723QBS');
INSERT INTO Comete([IdExpediente],[RFC]) VALUES(96,'LINR150404CYT');
INSERT INTO Comete([IdExpediente],[RFC]) VALUES(27,'EANT070504GAA');
INSERT INTO Comete([IdExpediente],[RFC]) VALUES(58,'EITV060303EFX');
INSERT INTO Comete([IdExpediente],[RFC]) VALUES(34,'TIDM070703ONK');
INSERT INTO Comete([IdExpediente],[RFC]) VALUES(87,'AEUN920608BVF');
INSERT INTO Comete([IdExpediente],[RFC]) VALUES(79,'AEUN920608BVF');
INSERT INTO Comete([IdExpediente],[RFC]) VALUES(88,'LUWQ850219WYV');
INSERT INTO Comete([IdExpediente],[RFC]) VALUES(92,'KIHE971114IDT');
INSERT INTO Comete([IdExpediente],[RFC]) VALUES(54,'FOMH760603SUO');
INSERT INTO Comete([IdExpediente],[RFC]) VALUES(8,'AEXU150823JHC');
INSERT INTO Comete([IdExpediente],[RFC]) VALUES(41,'TIDM070703ONK');
INSERT INTO Comete([IdExpediente],[RFC]) VALUES(44,'VIYD870117XKV');
INSERT INTO Comete([IdExpediente],[RFC]) VALUES(53,'TIDM070703ONK');
INSERT INTO Comete([IdExpediente],[RFC]) VALUES(100,'AEUN920608BVF');
INSERT INTO Comete([IdExpediente],[RFC]) VALUES(48,'TIDM070703ONK');
INSERT INTO Comete([IdExpediente],[RFC]) VALUES(28,'IUZK930601JVF');

-- Tabla Crea

INSERT INTO Crea([IdExpediente],[IdCamara],[Velocidad_Infraccion]) VALUES(34,17,'58.1');
INSERT INTO Crea([IdExpediente],[IdCamara],[Velocidad_Infraccion]) VALUES(9,40,'102.9');
INSERT INTO Crea([IdExpediente],[IdCamara],[Velocidad_Infraccion]) VALUES(4,49,'83.1');
INSERT INTO Crea([IdExpediente],[IdCamara],[Velocidad_Infraccion]) VALUES(45,46,'103.6');
INSERT INTO Crea([IdExpediente],[IdCamara],[Velocidad_Infraccion]) VALUES(39,37,'64.5');
INSERT INTO Crea([IdExpediente],[IdCamara],[Velocidad_Infraccion]) VALUES(28,32,'104.6');
INSERT INTO Crea([IdExpediente],[IdCamara],[Velocidad_Infraccion]) VALUES(44,9,'86.8');
INSERT INTO Crea([IdExpediente],[IdCamara],[Velocidad_Infraccion]) VALUES(22,37,'60.4');
INSERT INTO Crea([IdExpediente],[IdCamara],[Velocidad_Infraccion]) VALUES(14,43,'120.6');
INSERT INTO Crea([IdExpediente],[IdCamara],[Velocidad_Infraccion]) VALUES(49,13,'68.7');
INSERT INTO Crea([IdExpediente],[IdCamara],[Velocidad_Infraccion]) VALUES(24,49,'98.9');
INSERT INTO Crea([IdExpediente],[IdCamara],[Velocidad_Infraccion]) VALUES(13,42,'86.2');
INSERT INTO Crea([IdExpediente],[IdCamara],[Velocidad_Infraccion]) VALUES(32,28,'81.9');
INSERT INTO Crea([IdExpediente],[IdCamara],[Velocidad_Infraccion]) VALUES(5,8,'90.5');
INSERT INTO Crea([IdExpediente],[IdCamara],[Velocidad_Infraccion]) VALUES(19,8,'94.3');
INSERT INTO Crea([IdExpediente],[IdCamara],[Velocidad_Infraccion]) VALUES(41,19,'119.8');
INSERT INTO Crea([IdExpediente],[IdCamara],[Velocidad_Infraccion]) VALUES(37,16,'87.8');
INSERT INTO Crea([IdExpediente],[IdCamara],[Velocidad_Infraccion]) VALUES(46,26,'85.4');
INSERT INTO Crea([IdExpediente],[IdCamara],[Velocidad_Infraccion]) VALUES(25,23,'69.7');
INSERT INTO Crea([IdExpediente],[IdCamara],[Velocidad_Infraccion]) VALUES(47,19,'61.0');
INSERT INTO Crea([IdExpediente],[IdCamara],[Velocidad_Infraccion]) VALUES(38,29,'80.9');
INSERT INTO Crea([IdExpediente],[IdCamara],[Velocidad_Infraccion]) VALUES(42,14,'80.8');
INSERT INTO Crea([IdExpediente],[IdCamara],[Velocidad_Infraccion]) VALUES(11,40,'102.9');
INSERT INTO Crea([IdExpediente],[IdCamara],[Velocidad_Infraccion]) VALUES(40,2,'99.0');
INSERT INTO Crea([IdExpediente],[IdCamara],[Velocidad_Infraccion]) VALUES(50,23,'109.1');
INSERT INTO Crea([IdExpediente],[IdCamara],[Velocidad_Infraccion]) VALUES(16,42,'99.2');
INSERT INTO Crea([IdExpediente],[IdCamara],[Velocidad_Infraccion]) VALUES(23,49,'83.2');
INSERT INTO Crea([IdExpediente],[IdCamara],[Velocidad_Infraccion]) VALUES(35,35,'75.8');
INSERT INTO Crea([IdExpediente],[IdCamara],[Velocidad_Infraccion]) VALUES(1,12,'95.2');
INSERT INTO Crea([IdExpediente],[IdCamara],[Velocidad_Infraccion]) VALUES(8,14,'73.8');
INSERT INTO Crea([IdExpediente],[IdCamara],[Velocidad_Infraccion]) VALUES(26,10,'96.8');
INSERT INTO Crea([IdExpediente],[IdCamara],[Velocidad_Infraccion]) VALUES(7,44,'99.1');
INSERT INTO Crea([IdExpediente],[IdCamara],[Velocidad_Infraccion]) VALUES(36,2,'100.3');
INSERT INTO Crea([IdExpediente],[IdCamara],[Velocidad_Infraccion]) VALUES(29,9,'92.6');

-- Tabla Impone

INSERT INTO Impone([IdExpediente],[N_Registro_Personal],[Ubicacion],[Articulo],[Municipio]) VALUES(63,'143861',50,'8.II','Benito Juarez');
INSERT INTO Impone([IdExpediente],[N_Registro_Personal],[Ubicacion],[Articulo],[Municipio]) VALUES(84,'599797',69,'61.II','Tlalpan');
INSERT INTO Impone([IdExpediente],[N_Registro_Personal],[Ubicacion],[Articulo],[Municipio]) VALUES(67,'929652',64,'56.I','Xochimilco');
INSERT INTO Impone([IdExpediente],[N_Registro_Personal],[Ubicacion],[Articulo],[Municipio]) VALUES(83,'433859',17,'49.IV','Gustavo A. Madero');
INSERT INTO Impone([IdExpediente],[N_Registro_Personal],[Ubicacion],[Articulo],[Municipio]) VALUES(78,'175427',74,'47.III','Iztacalco');
INSERT INTO Impone([IdExpediente],[N_Registro_Personal],[Ubicacion],[Articulo],[Municipio]) VALUES(98,'134849',77,'31.IV','Xochimilco');
INSERT INTO Impone([IdExpediente],[N_Registro_Personal],[Ubicacion],[Articulo],[Municipio]) VALUES(88,'175427',45,'3.II','Venustiano Carranza');
INSERT INTO Impone([IdExpediente],[N_Registro_Personal],[Ubicacion],[Articulo],[Municipio]) VALUES(72,'134849',71,'58.II','Azcapotzalco');
INSERT INTO Impone([IdExpediente],[N_Registro_Personal],[Ubicacion],[Articulo],[Municipio]) VALUES(68,'266367',18,'66.II','Venustiano Carranza');
INSERT INTO Impone([IdExpediente],[N_Registro_Personal],[Ubicacion],[Articulo],[Municipio]) VALUES(79,'823941',91,'44.I','Iztacalco');
INSERT INTO Impone([IdExpediente],[N_Registro_Personal],[Ubicacion],[Articulo],[Municipio]) VALUES(71,'607896',4,'8.I','Azcapotzalco');
INSERT INTO Impone([IdExpediente],[N_Registro_Personal],[Ubicacion],[Articulo],[Municipio]) VALUES(74,'987059',61,'46.I','Iztacalco');
INSERT INTO Impone([IdExpediente],[N_Registro_Personal],[Ubicacion],[Articulo],[Municipio]) VALUES(62,'607896',83,'14.III','Iztacalco');
INSERT INTO Impone([IdExpediente],[N_Registro_Personal],[Ubicacion],[Articulo],[Municipio]) VALUES(64,'841693',56,'56.I','Azcapotzalco');
INSERT INTO Impone([IdExpediente],[N_Registro_Personal],[Ubicacion],[Articulo],[Municipio]) VALUES(75,'303274',99,'15.I','Tláhuac');
INSERT INTO Impone([IdExpediente],[N_Registro_Personal],[Ubicacion],[Articulo],[Municipio]) VALUES(91,'530754',87,'33.IV','Xochimilco');
INSERT INTO Impone([IdExpediente],[N_Registro_Personal],[Ubicacion],[Articulo],[Municipio]) VALUES(51,'768875',8,'7.I','Magdalena Contreras');
INSERT INTO Impone([IdExpediente],[N_Registro_Personal],[Ubicacion],[Articulo],[Municipio]) VALUES(58,'303274',21,'43.IV','Cuajimalpa de Morelos');
INSERT INTO Impone([IdExpediente],[N_Registro_Personal],[Ubicacion],[Articulo],[Municipio]) VALUES(54,'533669',2,'42.I','Coyoacan');
INSERT INTO Impone([IdExpediente],[N_Registro_Personal],[Ubicacion],[Articulo],[Municipio]) VALUES(90,'599797',83,'65.IV','Milpa Alta');
INSERT INTO Impone([IdExpediente],[N_Registro_Personal],[Ubicacion],[Articulo],[Municipio]) VALUES(95,'823941',44,'12.I','Tláhuac');
INSERT INTO Impone([IdExpediente],[N_Registro_Personal],[Ubicacion],[Articulo],[Municipio]) VALUES(73,'900490',68,'39.I','Miguel Hidalgo');
INSERT INTO Impone([IdExpediente],[N_Registro_Personal],[Ubicacion],[Articulo],[Municipio]) VALUES(94,'599797',92,'36.III','Magdalena Contreras');
INSERT INTO Impone([IdExpediente],[N_Registro_Personal],[Ubicacion],[Articulo],[Municipio]) VALUES(69,'142901',16,'30.III','Gustavo A. Madero');
INSERT INTO Impone([IdExpediente],[N_Registro_Personal],[Ubicacion],[Articulo],[Municipio]) VALUES(60,'617228',81,'22.I','Magdalena Contreras');
INSERT INTO Impone([IdExpediente],[N_Registro_Personal],[Ubicacion],[Articulo],[Municipio]) VALUES(59,'175427',31,'32.IV','Iztapalapa');
INSERT INTO Impone([IdExpediente],[N_Registro_Personal],[Ubicacion],[Articulo],[Municipio]) VALUES(85,'287738',31,'8.I','Benito Juarez');
INSERT INTO Impone([IdExpediente],[N_Registro_Personal],[Ubicacion],[Articulo],[Municipio]) VALUES(65,'142901',25,'6.II','Xochimilco');
INSERT INTO Impone([IdExpediente],[N_Registro_Personal],[Ubicacion],[Articulo],[Municipio]) VALUES(57,'142901',56,'5.III','Venustiano Carranza');
INSERT INTO Impone([IdExpediente],[N_Registro_Personal],[Ubicacion],[Articulo],[Municipio]) VALUES(77,'823941',61,'62.I','Azcapotzalco');
INSERT INTO Impone([IdExpediente],[N_Registro_Personal],[Ubicacion],[Articulo],[Municipio]) VALUES(61,'607896',14,'42.II','Coyoacan');
INSERT INTO Impone([IdExpediente],[N_Registro_Personal],[Ubicacion],[Articulo],[Municipio]) VALUES(53,'599797',99,'55.I','Cuauhtemoc');
INSERT INTO Impone([IdExpediente],[N_Registro_Personal],[Ubicacion],[Articulo],[Municipio]) VALUES(99,'143861',5,'12.I','Miguel Hidalgo');
INSERT INTO Impone([IdExpediente],[N_Registro_Personal],[Ubicacion],[Articulo],[Municipio]) VALUES(82,'433859',90,'61.II','Iztapalapa');
INSERT INTO Impone([IdExpediente],[N_Registro_Personal],[Ubicacion],[Articulo],[Municipio]) VALUES(87,'929652',21,'30.II','Benito Juarez');

-- Tabla Modelo

INSERT INTO Modelo([Modelo_Nombre],[NombreArmadora],[Transmision],[Tipo],[Cilindros],[Litros_motor],[Capacidad_Tanque],[Pasajeros],[Espacio_Equipaje],[PaisFabricacion]) VALUES('Mazda 3 ','Blevins','AUTOMATICA','HYBIRD',8,'8.1',47,'5','3.4','China');
INSERT INTO Modelo([Modelo_Nombre],[NombreArmadora],[Transmision],[Tipo],[Cilindros],[Litros_motor],[Capacidad_Tanque],[Pasajeros],[Espacio_Equipaje],[PaisFabricacion]) VALUES('Nissan X-Trail','Henson','AUTOMATICA','DE LUJO',5,'5.1',37,'8','3.6','Japon');
INSERT INTO Modelo([Modelo_Nombre],[NombreArmadora],[Transmision],[Tipo],[Cilindros],[Litros_motor],[Capacidad_Tanque],[Pasajeros],[Espacio_Equipaje],[PaisFabricacion]) VALUES('Volkswagen Gol Sedan','Henson','AUTOMATICA','CONVERTIBLE',8,'6.8',54,'7','2.9','Argnetina');
INSERT INTO Modelo([Modelo_Nombre],[NombreArmadora],[Transmision],[Tipo],[Cilindros],[Litros_motor],[Capacidad_Tanque],[Pasajeros],[Espacio_Equipaje],[PaisFabricacion]) VALUES('Nissan Tiida','Hood','MANUAL','STATION WAGON',5,'4.5',37,'7','3.1','Japon');
INSERT INTO Modelo([Modelo_Nombre],[NombreArmadora],[Transmision],[Tipo],[Cilindros],[Litros_motor],[Capacidad_Tanque],[Pasajeros],[Espacio_Equipaje],[PaisFabricacion]) VALUES('Nissan Tsuru','Le','MANUAL','HYBIRD',6,'5.1',32,'8','3.3','China');
INSERT INTO Modelo([Modelo_Nombre],[NombreArmadora],[Transmision],[Tipo],[Cilindros],[Litros_motor],[Capacidad_Tanque],[Pasajeros],[Espacio_Equipaje],[PaisFabricacion]) VALUES('Renault Duster','Villarreal','MANUAL','HYBIRD',8,'3.0',32,'5','2.4','Mexico');
INSERT INTO Modelo([Modelo_Nombre],[NombreArmadora],[Transmision],[Tipo],[Cilindros],[Litros_motor],[Capacidad_Tanque],[Pasajeros],[Espacio_Equipaje],[PaisFabricacion]) VALUES('Nissan March','Hancock','AUTOMATICA','SPORT UTILITIES',6,'6.5',54,'8','1.6','E.U.A.');
INSERT INTO Modelo([Modelo_Nombre],[NombreArmadora],[Transmision],[Tipo],[Cilindros],[Litros_motor],[Capacidad_Tanque],[Pasajeros],[Espacio_Equipaje],[PaisFabricacion]) VALUES('Volkswagen Vento','Wyatt','AUTOMATICA','HYBIRD',7,'4.4',35,'7','2.6','Francia');
INSERT INTO Modelo([Modelo_Nombre],[NombreArmadora],[Transmision],[Tipo],[Cilindros],[Litros_motor],[Capacidad_Tanque],[Pasajeros],[Espacio_Equipaje],[PaisFabricacion]) VALUES('Nissan Frontier','Lang','AUTOMATICA','CONVERTIBLE',6,'5.7',33,'7','1.1','Alemania');
INSERT INTO Modelo([Modelo_Nombre],[NombreArmadora],[Transmision],[Tipo],[Cilindros],[Litros_motor],[Capacidad_Tanque],[Pasajeros],[Espacio_Equipaje],[PaisFabricacion]) VALUES('Chevrolet Sonic','Cole','AUTOMATICA','STATION WAGON',8,'2.2',41,'5','3.3','Argnetina');
INSERT INTO Modelo([Modelo_Nombre],[NombreArmadora],[Transmision],[Tipo],[Cilindros],[Litros_motor],[Capacidad_Tanque],[Pasajeros],[Espacio_Equipaje],[PaisFabricacion]) VALUES('Chevrolet Equinox','Klein','AUTOMATICA','DE LUJO',7,'7.7',49,'7','2.8','Alemania');
INSERT INTO Modelo([Modelo_Nombre],[NombreArmadora],[Transmision],[Tipo],[Cilindros],[Litros_motor],[Capacidad_Tanque],[Pasajeros],[Espacio_Equipaje],[PaisFabricacion]) VALUES('Chevrolet Spark Classic','Le','AUTOMATICA','CONVERTIBLE',5,'3.5',51,'5','3.1','Japon');
INSERT INTO Modelo([Modelo_Nombre],[NombreArmadora],[Transmision],[Tipo],[Cilindros],[Litros_motor],[Capacidad_Tanque],[Pasajeros],[Espacio_Equipaje],[PaisFabricacion]) VALUES('Honda CR-V','Watts','MANUAL','VAN',4,'6.8',36,'8','3.8','E.U.A.');
INSERT INTO Modelo([Modelo_Nombre],[NombreArmadora],[Transmision],[Tipo],[Cilindros],[Litros_motor],[Capacidad_Tanque],[Pasajeros],[Espacio_Equipaje],[PaisFabricacion]) VALUES('Volkswagen Gol','Mcbride','AUTOMATICA','MINIVAN',6,'8.3',51,'7','4.3','Japon');
INSERT INTO Modelo([Modelo_Nombre],[NombreArmadora],[Transmision],[Tipo],[Cilindros],[Litros_motor],[Capacidad_Tanque],[Pasajeros],[Espacio_Equipaje],[PaisFabricacion]) VALUES('Nissan Versa','Marshall','AUTOMATICA','SEDAN',7,'4.1',31,'8','4.8','Mexico');
INSERT INTO Modelo([Modelo_Nombre],[NombreArmadora],[Transmision],[Tipo],[Cilindros],[Litros_motor],[Capacidad_Tanque],[Pasajeros],[Espacio_Equipaje],[PaisFabricacion]) VALUES('Chevrolet Trax','Welch','MANUAL','PICK-UP',5,'8.2',44,'7','3.1','E.U.A.');
INSERT INTO Modelo([Modelo_Nombre],[NombreArmadora],[Transmision],[Tipo],[Cilindros],[Litros_motor],[Capacidad_Tanque],[Pasajeros],[Espacio_Equipaje],[PaisFabricacion]) VALUES('KIA Sportage','Hyde','AUTOMATICA','HYBIRD',4,'7.7',43,'7','2.4','Argnetina');
INSERT INTO Modelo([Modelo_Nombre],[NombreArmadora],[Transmision],[Tipo],[Cilindros],[Litros_motor],[Capacidad_Tanque],[Pasajeros],[Espacio_Equipaje],[PaisFabricacion]) VALUES('Chevrolet Aveo','Fry','AUTOMATICA','DE LUJO',7,'7.5',41,'7','3.9','Japon');
INSERT INTO Modelo([Modelo_Nombre],[NombreArmadora],[Transmision],[Tipo],[Cilindros],[Litros_motor],[Capacidad_Tanque],[Pasajeros],[Espacio_Equipaje],[PaisFabricacion]) VALUES('Toyota Hilux','Hood','AUTOMATICA','CONVERTIBLE',6,'5.9',56,'5','4.2','E.U.A.');
INSERT INTO Modelo([Modelo_Nombre],[NombreArmadora],[Transmision],[Tipo],[Cilindros],[Litros_motor],[Capacidad_Tanque],[Pasajeros],[Espacio_Equipaje],[PaisFabricacion]) VALUES('Dodge Attitude','Vega','AUTOMATICA','VAN',4,'3.7',49,'7','3.4','E.U.A.');
INSERT INTO Modelo([Modelo_Nombre],[NombreArmadora],[Transmision],[Tipo],[Cilindros],[Litros_motor],[Capacidad_Tanque],[Pasajeros],[Espacio_Equipaje],[PaisFabricacion]) VALUES('Nissan Sentra','Henson','MANUAL','SPORT UTILITIES',5,'5.4',54,'8','4.6','Alemania');

-- Tabla Vehiculo

INSERT INTO Vehiculo([Placas],[NumSerie],[Litros_Motor],[Color],[Capacidad_Tanque],[Pasajeros],[Fecha_asignacion],[Modelo_Nombre]) VALUES('C20-TQW','KLIKG53295R979490',7.7,'BLANCO','36','5','14/01/2008','Chevrolet Sonic');
INSERT INTO Vehiculo([Placas],[NumSerie],[Litros_Motor],[Color],[Capacidad_Tanque],[Pasajeros],[Fecha_asignacion],[Modelo_Nombre]) VALUES('K13-CBP','MNAHE57682P312586',4.4,'NARANJA','49','5','20/06/2017','Chevrolet Sonic');
INSERT INTO Vehiculo([Placas],[NumSerie],[Litros_Motor],[Color],[Capacidad_Tanque],[Pasajeros],[Fecha_asignacion],[Modelo_Nombre]) VALUES('L99-BGC','MAYPF69009I996559',4.1,'VERDE','51','8','24/11/2000','Chevrolet Trax');
INSERT INTO Vehiculo([Placas],[NumSerie],[Litros_Motor],[Color],[Capacidad_Tanque],[Pasajeros],[Fecha_asignacion],[Modelo_Nombre]) VALUES('A30-FKU','UJHKB16331Z495925',6.8,'NEGRO','51','8','28/05/1998','Honda CR-V');
INSERT INTO Vehiculo([Placas],[NumSerie],[Litros_Motor],[Color],[Capacidad_Tanque],[Pasajeros],[Fecha_asignacion],[Modelo_Nombre]) VALUES('Y05-JZZ','ULAWY96084F849365',3,'NEGRO','49','8','10/02/1998','KIA Sportage');
INSERT INTO Vehiculo([Placas],[NumSerie],[Litros_Motor],[Color],[Capacidad_Tanque],[Pasajeros],[Fecha_asignacion],[Modelo_Nombre]) VALUES('B68-EPJ','LQLKR47738E149471',4.1,'BLANCO','54','5','22/08/2011','Nissan Versa');
INSERT INTO Vehiculo([Placas],[NumSerie],[Litros_Motor],[Color],[Capacidad_Tanque],[Pasajeros],[Fecha_asignacion],[Modelo_Nombre]) VALUES('Q73-EUC','YTHRZ89625V783253',6.5,'VERDE','54','7','26/02/2002','Chevrolet Sonic');
INSERT INTO Vehiculo([Placas],[NumSerie],[Litros_Motor],[Color],[Capacidad_Tanque],[Pasajeros],[Fecha_asignacion],[Modelo_Nombre]) VALUES('Y69-NPB','XQPXO65690P536591',7.7,'AZUL','37','7','25/10/2003','Volkswagen Vento');
INSERT INTO Vehiculo([Placas],[NumSerie],[Litros_Motor],[Color],[Capacidad_Tanque],[Pasajeros],[Fecha_asignacion],[Modelo_Nombre]) VALUES('A68-SEQ','AVNTG21406W212305',8.2,'NARANJA','54','8','12/06/2003','Volkswagen Gol Sedan');
INSERT INTO Vehiculo([Placas],[NumSerie],[Litros_Motor],[Color],[Capacidad_Tanque],[Pasajeros],[Fecha_asignacion],[Modelo_Nombre]) VALUES('L57-YQG','KMLON08443G174034',4.4,'AZUL','37','5','24/02/2005','Chevrolet Trax');
INSERT INTO Vehiculo([Placas],[NumSerie],[Litros_Motor],[Color],[Capacidad_Tanque],[Pasajeros],[Fecha_asignacion],[Modelo_Nombre]) VALUES('H86-FGV','EMARN50256Z787962',2.2,'AMARILLO','51','7','06/11/2000','Nissan Sentra');
INSERT INTO Vehiculo([Placas],[NumSerie],[Litros_Motor],[Color],[Capacidad_Tanque],[Pasajeros],[Fecha_asignacion],[Modelo_Nombre]) VALUES('P81-XWR','APEUC06846U706207',4.5,'PLATEADO','32','8','12/05/2004','Chevrolet Sonic');
INSERT INTO Vehiculo([Placas],[NumSerie],[Litros_Motor],[Color],[Capacidad_Tanque],[Pasajeros],[Fecha_asignacion],[Modelo_Nombre]) VALUES('I80-UMA','KOJJH82604W747073',5.7,'GRIS','54','8','18/03/2004','Chevrolet Spark Classic');
INSERT INTO Vehiculo([Placas],[NumSerie],[Litros_Motor],[Color],[Capacidad_Tanque],[Pasajeros],[Fecha_asignacion],[Modelo_Nombre]) VALUES('I29-HTQ','EJFMQ75919U384236',4.4,'NEGRO','54','7','02/04/2015','Chevrolet Trax');
INSERT INTO Vehiculo([Placas],[NumSerie],[Litros_Motor],[Color],[Capacidad_Tanque],[Pasajeros],[Fecha_asignacion],[Modelo_Nombre]) VALUES('W86-HBA','WUXRJ30170U294783',4.5,'ROJO','51','5','21/10/1999','Chevrolet Spark Classic');
INSERT INTO Vehiculo([Placas],[NumSerie],[Litros_Motor],[Color],[Capacidad_Tanque],[Pasajeros],[Fecha_asignacion],[Modelo_Nombre]) VALUES('B56-FLA','XHSKS68329N376139',3.7,'VERDE','56','7','28/07/1999','Nissan Tiida');
INSERT INTO Vehiculo([Placas],[NumSerie],[Litros_Motor],[Color],[Capacidad_Tanque],[Pasajeros],[Fecha_asignacion],[Modelo_Nombre]) VALUES('V71-WNN','ZQVQQ19227Y861451',6.8,'NEGRO','36','7','15/12/2005','Nissan Tiida');
INSERT INTO Vehiculo([Placas],[NumSerie],[Litros_Motor],[Color],[Capacidad_Tanque],[Pasajeros],[Fecha_asignacion],[Modelo_Nombre]) VALUES('A13-RTV','NTBQI87948C005020',5.9,'VERDE','51','8','18/05/2006','Volkswagen Gol');
INSERT INTO Vehiculo([Placas],[NumSerie],[Litros_Motor],[Color],[Capacidad_Tanque],[Pasajeros],[Fecha_asignacion],[Modelo_Nombre]) VALUES('V67-PXE','PYCBY55321T007594',4.4,'AMARILLO','41','8','23/02/2001','Chevrolet Equinox');
INSERT INTO Vehiculo([Placas],[NumSerie],[Litros_Motor],[Color],[Capacidad_Tanque],[Pasajeros],[Fecha_asignacion],[Modelo_Nombre]) VALUES('R81-CUW','JLRWT98792F916765',5.1,'PLATEADO','44','8','19/01/2014','KIA Sportage');
INSERT INTO Vehiculo([Placas],[NumSerie],[Litros_Motor],[Color],[Capacidad_Tanque],[Pasajeros],[Fecha_asignacion],[Modelo_Nombre]) VALUES('O96-EDC','TEKDR95591I765962',8.3,'ROJO','44','5','28/09/2001','Nissan March');
INSERT INTO Vehiculo([Placas],[NumSerie],[Litros_Motor],[Color],[Capacidad_Tanque],[Pasajeros],[Fecha_asignacion],[Modelo_Nombre]) VALUES('E07-FDQ','NOASJ90690F766258',5.1,'NARANJA','33','8','06/08/2015','Chevrolet Aveo');
INSERT INTO Vehiculo([Placas],[NumSerie],[Litros_Motor],[Color],[Capacidad_Tanque],[Pasajeros],[Fecha_asignacion],[Modelo_Nombre]) VALUES('L75-PRS','GZZUD03547G435220',2.2,'BLANCO','56','8','24/09/2004','Volkswagen Vento');
INSERT INTO Vehiculo([Placas],[NumSerie],[Litros_Motor],[Color],[Capacidad_Tanque],[Pasajeros],[Fecha_asignacion],[Modelo_Nombre]) VALUES('L43-ASI','KVRLG16301U681740',5.4,'GRIS','51','5','08/06/1998','Volkswagen Gol Sedan');
INSERT INTO Vehiculo([Placas],[NumSerie],[Litros_Motor],[Color],[Capacidad_Tanque],[Pasajeros],[Fecha_asignacion],[Modelo_Nombre]) VALUES('D63-PUR','ICYLN45067E403421',5.7,'AMARILLO','54','5','03/07/2010','Nissan X-Trail');
INSERT INTO Vehiculo([Placas],[NumSerie],[Litros_Motor],[Color],[Capacidad_Tanque],[Pasajeros],[Fecha_asignacion],[Modelo_Nombre]) VALUES('B92-UMB','LBSJD66054H045829',5.4,'ROJO','49','7','11/09/2009','Chevrolet Trax');
INSERT INTO Vehiculo([Placas],[NumSerie],[Litros_Motor],[Color],[Capacidad_Tanque],[Pasajeros],[Fecha_asignacion],[Modelo_Nombre]) VALUES('E94-GGV','DOSFJ73746S260912',3.7,'ROJO','37','8','05/10/2006','Chevrolet Spark Classic');
INSERT INTO Vehiculo([Placas],[NumSerie],[Litros_Motor],[Color],[Capacidad_Tanque],[Pasajeros],[Fecha_asignacion],[Modelo_Nombre]) VALUES('W18-SHI','YFEPD26172U249321',3.5,'VERDE','54','8','11/01/1999','Chevrolet Trax');
INSERT INTO Vehiculo([Placas],[NumSerie],[Litros_Motor],[Color],[Capacidad_Tanque],[Pasajeros],[Fecha_asignacion],[Modelo_Nombre]) VALUES('Q30-EMZ','DJSSF72444V908020',6.5,'AMARILLO','54','7','03/04/2004','Chevrolet Aveo');
INSERT INTO Vehiculo([Placas],[NumSerie],[Litros_Motor],[Color],[Capacidad_Tanque],[Pasajeros],[Fecha_asignacion],[Modelo_Nombre]) VALUES('G87-XBX','BVFHO96760O434013',3,'VERDE','49','5','24/09/2005','Nissan Sentra');
INSERT INTO Vehiculo([Placas],[NumSerie],[Litros_Motor],[Color],[Capacidad_Tanque],[Pasajeros],[Fecha_asignacion],[Modelo_Nombre]) VALUES('U91-TNC','EGXXU24973N321601',7.5,'AMARILLO','44','8','29/12/2004','Nissan Tiida');
INSERT INTO Vehiculo([Placas],[NumSerie],[Litros_Motor],[Color],[Capacidad_Tanque],[Pasajeros],[Fecha_asignacion],[Modelo_Nombre]) VALUES('M87-HFL','QADNQ85854I600435',8.3,'VERDE','49','8','05/01/2012','Nissan Tiida');
INSERT INTO Vehiculo([Placas],[NumSerie],[Litros_Motor],[Color],[Capacidad_Tanque],[Pasajeros],[Fecha_asignacion],[Modelo_Nombre]) VALUES('U46-AEW','EYISJ63386U867443',5.4,'AMARILLO','33','8','03/06/2003','KIA Sportage');
INSERT INTO Vehiculo([Placas],[NumSerie],[Litros_Motor],[Color],[Capacidad_Tanque],[Pasajeros],[Fecha_asignacion],[Modelo_Nombre]) VALUES('P98-XRJ','LLKFU26319L574517',2.2,'GRIS','56','7','25/05/1997','Honda CR-V');
INSERT INTO Vehiculo([Placas],[NumSerie],[Litros_Motor],[Color],[Capacidad_Tanque],[Pasajeros],[Fecha_asignacion],[Modelo_Nombre]) VALUES('Z51-GZK','TFEJK79801Q952899',2.2,'MARRON','54','8','14/08/2017','Nissan Tsuru');
INSERT INTO Vehiculo([Placas],[NumSerie],[Litros_Motor],[Color],[Capacidad_Tanque],[Pasajeros],[Fecha_asignacion],[Modelo_Nombre]) VALUES('G69-MGJ','YDYVH64876E997538',4.4,'NEGRO','33','5','12/03/1999','Honda CR-V');
INSERT INTO Vehiculo([Placas],[NumSerie],[Litros_Motor],[Color],[Capacidad_Tanque],[Pasajeros],[Fecha_asignacion],[Modelo_Nombre]) VALUES('Y29-LJC','JWDQM98030R311526',7.7,'NEGRO','33','7','12/08/2013','Nissan Frontier');
INSERT INTO Vehiculo([Placas],[NumSerie],[Litros_Motor],[Color],[Capacidad_Tanque],[Pasajeros],[Fecha_asignacion],[Modelo_Nombre]) VALUES('Q92-FKD','KPKUA70044M196201',6.8,'GRIS','54','8','11/12/2010','Nissan Frontier');
INSERT INTO Vehiculo([Placas],[NumSerie],[Litros_Motor],[Color],[Capacidad_Tanque],[Pasajeros],[Fecha_asignacion],[Modelo_Nombre]) VALUES('T76-VBQ','EHUHZ11870P618093',5.1,'PLATEADO','51','5','21/12/2010','Dodge Attitude');
INSERT INTO Vehiculo([Placas],[NumSerie],[Litros_Motor],[Color],[Capacidad_Tanque],[Pasajeros],[Fecha_asignacion],[Modelo_Nombre]) VALUES('O50-GHW','JPMNN39116F070041',7.5,'NEGRO','54','7','23/08/2013','Nissan March');
INSERT INTO Vehiculo([Placas],[NumSerie],[Litros_Motor],[Color],[Capacidad_Tanque],[Pasajeros],[Fecha_asignacion],[Modelo_Nombre]) VALUES('C36-DCT','DWAPG55760J329213',8.1,'NEGRO','33','8','14/06/2015','Renault Duster');
INSERT INTO Vehiculo([Placas],[NumSerie],[Litros_Motor],[Color],[Capacidad_Tanque],[Pasajeros],[Fecha_asignacion],[Modelo_Nombre]) VALUES('V58-KAA','FDVXA93740R202850',4.1,'PLATEADO','32','5','06/04/2002','Honda CR-V');
INSERT INTO Vehiculo([Placas],[NumSerie],[Litros_Motor],[Color],[Capacidad_Tanque],[Pasajeros],[Fecha_asignacion],[Modelo_Nombre]) VALUES('D66-DBH','TDUKV12835P146193',4.4,'AZUL','41','7','17/11/2013','Volkswagen Vento');
INSERT INTO Vehiculo([Placas],[NumSerie],[Litros_Motor],[Color],[Capacidad_Tanque],[Pasajeros],[Fecha_asignacion],[Modelo_Nombre]) VALUES('D30-SYB','SFRQK35163F175809',6.8,'GRIS','54','5','07/04/1997','Volkswagen Gol');
INSERT INTO Vehiculo([Placas],[NumSerie],[Litros_Motor],[Color],[Capacidad_Tanque],[Pasajeros],[Fecha_asignacion],[Modelo_Nombre]) VALUES('O90-EJW','SXJDR65078W877601',5.7,'BLANCO','32','8','20/09/1999','Renault Duster');
INSERT INTO Vehiculo([Placas],[NumSerie],[Litros_Motor],[Color],[Capacidad_Tanque],[Pasajeros],[Fecha_asignacion],[Modelo_Nombre]) VALUES('E82-JMC','EDPZU08999P969380',2.2,'NEGRO','47','7','16/07/2002','Volkswagen Gol Sedan');
INSERT INTO Vehiculo([Placas],[NumSerie],[Litros_Motor],[Color],[Capacidad_Tanque],[Pasajeros],[Fecha_asignacion],[Modelo_Nombre]) VALUES('N98-MJT','RSPSR00903L450581',5.7,'AMARILLO','37','5','20/02/2014','Nissan Sentra');
INSERT INTO Vehiculo([Placas],[NumSerie],[Litros_Motor],[Color],[Capacidad_Tanque],[Pasajeros],[Fecha_asignacion],[Modelo_Nombre]) VALUES('K91-TTJ','AQPJA64127C993032',3.5,'BLANCO','47','5','23/08/2002','Nissan X-Trail');
INSERT INTO Vehiculo([Placas],[NumSerie],[Litros_Motor],[Color],[Capacidad_Tanque],[Pasajeros],[Fecha_asignacion],[Modelo_Nombre]) VALUES('G88-BWI','ZELDL73357Q991510',5.1,'PLATEADO','49','7','28/09/2000','Nissan March');
INSERT INTO Vehiculo([Placas],[NumSerie],[Litros_Motor],[Color],[Capacidad_Tanque],[Pasajeros],[Fecha_asignacion],[Modelo_Nombre]) VALUES('U22-STO','ROGXB08558S921359',6.8,'GRIS','32','5','05/09/2001','Volkswagen Gol Sedan');
INSERT INTO Vehiculo([Placas],[NumSerie],[Litros_Motor],[Color],[Capacidad_Tanque],[Pasajeros],[Fecha_asignacion],[Modelo_Nombre]) VALUES('B27-CBJ','BPUYS69210V627894',5.1,'NEGRO','33','8','08/05/2016','Volkswagen Gol Sedan');
INSERT INTO Vehiculo([Placas],[NumSerie],[Litros_Motor],[Color],[Capacidad_Tanque],[Pasajeros],[Fecha_asignacion],[Modelo_Nombre]) VALUES('X47-BCR','QVBHH66176D299245',7.7,'MARRON','37','7','24/02/2015','Volkswagen Gol Sedan');
INSERT INTO Vehiculo([Placas],[NumSerie],[Litros_Motor],[Color],[Capacidad_Tanque],[Pasajeros],[Fecha_asignacion],[Modelo_Nombre]) VALUES('B78-IQN','PSZYN29125T056798',7.5,'NARANJA','41','7','24/10/2011','Chevrolet Sonic');
INSERT INTO Vehiculo([Placas],[NumSerie],[Litros_Motor],[Color],[Capacidad_Tanque],[Pasajeros],[Fecha_asignacion],[Modelo_Nombre]) VALUES('S79-LXP','NLYZB88497N624329',6.5,'GRIS','54','5','28/11/1998','Renault Duster');
INSERT INTO Vehiculo([Placas],[NumSerie],[Litros_Motor],[Color],[Capacidad_Tanque],[Pasajeros],[Fecha_asignacion],[Modelo_Nombre]) VALUES('Q28-JFE','QRYSW25689X963771',5.1,'AMARILLO','32','5','01/04/1997','Chevrolet Spark Classic');
INSERT INTO Vehiculo([Placas],[NumSerie],[Litros_Motor],[Color],[Capacidad_Tanque],[Pasajeros],[Fecha_asignacion],[Modelo_Nombre]) VALUES('R53-JYS','QFWER28847S574978',6.8,'VERDE','44','5','14/01/2007','Nissan X-Trail');
INSERT INTO Vehiculo([Placas],[NumSerie],[Litros_Motor],[Color],[Capacidad_Tanque],[Pasajeros],[Fecha_asignacion],[Modelo_Nombre]) VALUES('S64-MLE','SJTOE26913K145338',7.5,'MARRON','36','7','26/03/1998','Nissan X-Trail');
INSERT INTO Vehiculo([Placas],[NumSerie],[Litros_Motor],[Color],[Capacidad_Tanque],[Pasajeros],[Fecha_asignacion],[Modelo_Nombre]) VALUES('G61-WGN','VEJZM77192T376589',8.1,'BLANCO','49','5','06/05/2015','Honda CR-V');
INSERT INTO Vehiculo([Placas],[NumSerie],[Litros_Motor],[Color],[Capacidad_Tanque],[Pasajeros],[Fecha_asignacion],[Modelo_Nombre]) VALUES('J56-VPN','SZFKQ65918R729066',4.5,'NARANJA','33','8','17/02/2012','Chevrolet Equinox');
INSERT INTO Vehiculo([Placas],[NumSerie],[Litros_Motor],[Color],[Capacidad_Tanque],[Pasajeros],[Fecha_asignacion],[Modelo_Nombre]) VALUES('Q32-ZAL','BBRQB17696Z867280',5.1,'VERDE','49','8','27/11/2015','Nissan Versa');
INSERT INTO Vehiculo([Placas],[NumSerie],[Litros_Motor],[Color],[Capacidad_Tanque],[Pasajeros],[Fecha_asignacion],[Modelo_Nombre]) VALUES('E40-AON','EJIYX22326F486962',3.7,'PLATEADO','36','7','18/04/2008','Chevrolet Equinox');
INSERT INTO Vehiculo([Placas],[NumSerie],[Litros_Motor],[Color],[Capacidad_Tanque],[Pasajeros],[Fecha_asignacion],[Modelo_Nombre]) VALUES('H75-JGK','VIZIO81615G787292',6.8,'GRIS','49','8','06/09/1999','Nissan X-Trail');
INSERT INTO Vehiculo([Placas],[NumSerie],[Litros_Motor],[Color],[Capacidad_Tanque],[Pasajeros],[Fecha_asignacion],[Modelo_Nombre]) VALUES('S53-LKK','HIIVH77989C513415',4.4,'PLATEADO','54','7','03/03/2012','Volkswagen Gol Sedan');
INSERT INTO Vehiculo([Placas],[NumSerie],[Litros_Motor],[Color],[Capacidad_Tanque],[Pasajeros],[Fecha_asignacion],[Modelo_Nombre]) VALUES('F70-HGZ','ZANIW78199Z533185',3.7,'AMARILLO','49','5','03/12/2014','Honda CR-V');
INSERT INTO Vehiculo([Placas],[NumSerie],[Litros_Motor],[Color],[Capacidad_Tanque],[Pasajeros],[Fecha_asignacion],[Modelo_Nombre]) VALUES('K12-KQL','HGMFJ59068Z295718',5.7,'VERDE','49','8','19/04/2005','KIA Sportage');
INSERT INTO Vehiculo([Placas],[NumSerie],[Litros_Motor],[Color],[Capacidad_Tanque],[Pasajeros],[Fecha_asignacion],[Modelo_Nombre]) VALUES('A20-OCH','QDKMB05430L236976',4.1,'NEGRO','33','8','08/09/2006','Nissan Tsuru');
INSERT INTO Vehiculo([Placas],[NumSerie],[Litros_Motor],[Color],[Capacidad_Tanque],[Pasajeros],[Fecha_asignacion],[Modelo_Nombre]) VALUES('Y96-TAA','ADKVN83728Z313930',7.7,'GRIS','44','5','04/09/2004','Renault Duster');
INSERT INTO Vehiculo([Placas],[NumSerie],[Litros_Motor],[Color],[Capacidad_Tanque],[Pasajeros],[Fecha_asignacion],[Modelo_Nombre]) VALUES('K26-SEA','DTMIW72671U663101',5.4,'NEGRO','41','5','05/02/1997','Volkswagen Gol Sedan');
INSERT INTO Vehiculo([Placas],[NumSerie],[Litros_Motor],[Color],[Capacidad_Tanque],[Pasajeros],[Fecha_asignacion],[Modelo_Nombre]) VALUES('T10-VGH','RDRXB63311N418062',3.7,'MARRON','43','5','15/02/2009','Chevrolet Spark Classic');
INSERT INTO Vehiculo([Placas],[NumSerie],[Litros_Motor],[Color],[Capacidad_Tanque],[Pasajeros],[Fecha_asignacion],[Modelo_Nombre]) VALUES('R02-OMX','JYOHS05470I048904',3.7,'PLATEADO','32','5','02/04/2008','Nissan Frontier');
INSERT INTO Vehiculo([Placas],[NumSerie],[Litros_Motor],[Color],[Capacidad_Tanque],[Pasajeros],[Fecha_asignacion],[Modelo_Nombre]) VALUES('U37-NYD','GODVY60701D022392',4.5,'VERDE','44','7','01/08/2015','KIA Sportage');
INSERT INTO Vehiculo([Placas],[NumSerie],[Litros_Motor],[Color],[Capacidad_Tanque],[Pasajeros],[Fecha_asignacion],[Modelo_Nombre]) VALUES('L47-URQ','DDHRV16675M163649',6.8,'AZUL','33','7','23/10/2010','Nissan Tsuru');
INSERT INTO Vehiculo([Placas],[NumSerie],[Litros_Motor],[Color],[Capacidad_Tanque],[Pasajeros],[Fecha_asignacion],[Modelo_Nombre]) VALUES('R29-OBL','IRHBW04661R860951',6.8,'GRIS','37','8','07/09/1999','Mazda 3');
INSERT INTO Vehiculo([Placas],[NumSerie],[Litros_Motor],[Color],[Capacidad_Tanque],[Pasajeros],[Fecha_asignacion],[Modelo_Nombre]) VALUES('R80-MRQ','FENIM30845N889716',6.5,'NEGRO','41','7','22/01/2015','Chevrolet Equinox');
INSERT INTO Vehiculo([Placas],[NumSerie],[Litros_Motor],[Color],[Capacidad_Tanque],[Pasajeros],[Fecha_asignacion],[Modelo_Nombre]) VALUES('G60-IMN','XXZGT19955V758372',7.7,'MARRON','31','8','11/03/2008','Volkswagen Gol Sedan');
INSERT INTO Vehiculo([Placas],[NumSerie],[Litros_Motor],[Color],[Capacidad_Tanque],[Pasajeros],[Fecha_asignacion],[Modelo_Nombre]) VALUES('R34-HPV','ZPBYY64834O108802',6.5,'BLANCO','31','7','17/10/2016','Chevrolet Spark Classic');
INSERT INTO Vehiculo([Placas],[NumSerie],[Litros_Motor],[Color],[Capacidad_Tanque],[Pasajeros],[Fecha_asignacion],[Modelo_Nombre]) VALUES('X67-NLX','OBWQX74252P665878',7.7,'NARANJA','32','8','15/12/2012','Nissan Tsuru');
INSERT INTO Vehiculo([Placas],[NumSerie],[Litros_Motor],[Color],[Capacidad_Tanque],[Pasajeros],[Fecha_asignacion],[Modelo_Nombre]) VALUES('G48-MEC','IGGSS49341Z971258',5.1,'VERDE','37','7','16/02/1997','Nissan March');
INSERT INTO Vehiculo([Placas],[NumSerie],[Litros_Motor],[Color],[Capacidad_Tanque],[Pasajeros],[Fecha_asignacion],[Modelo_Nombre]) VALUES('M66-MZB','EWLZP18866J937814',6.8,'GRIS','35','7','29/01/2005','Volkswagen Gol Sedan');
INSERT INTO Vehiculo([Placas],[NumSerie],[Litros_Motor],[Color],[Capacidad_Tanque],[Pasajeros],[Fecha_asignacion],[Modelo_Nombre]) VALUES('F73-SOI','EUYCR11964H934086',4.5,'GRIS','32','8','23/11/2010','Chevrolet Aveo');
INSERT INTO Vehiculo([Placas],[NumSerie],[Litros_Motor],[Color],[Capacidad_Tanque],[Pasajeros],[Fecha_asignacion],[Modelo_Nombre]) VALUES('T72-YSC','BLQAS31547M918168',5.4,'MARRON','35','5','01/09/2010','Renault Duster');
INSERT INTO Vehiculo([Placas],[NumSerie],[Litros_Motor],[Color],[Capacidad_Tanque],[Pasajeros],[Fecha_asignacion],[Modelo_Nombre]) VALUES('F48-DAG','XZTNI63170J417404',3.7,'NARANJA','47','8','27/11/2000','Nissan Tsuru');
INSERT INTO Vehiculo([Placas],[NumSerie],[Litros_Motor],[Color],[Capacidad_Tanque],[Pasajeros],[Fecha_asignacion],[Modelo_Nombre]) VALUES('Y01-DQN','HWBHE06112R830361',6.5,'GRIS','49','5','14/12/2000','Nissan Frontier');
INSERT INTO Vehiculo([Placas],[NumSerie],[Litros_Motor],[Color],[Capacidad_Tanque],[Pasajeros],[Fecha_asignacion],[Modelo_Nombre]) VALUES('E39-NFG','UWNKC45900T464051',8.2,'NEGRO','32','8','16/08/2002','Chevrolet Spark Classic');
INSERT INTO Vehiculo([Placas],[NumSerie],[Litros_Motor],[Color],[Capacidad_Tanque],[Pasajeros],[Fecha_asignacion],[Modelo_Nombre]) VALUES('P90-PFA','PPVRN08197H769280',3,'AMARILLO','37','5','13/09/1998','KIA Sportage');
INSERT INTO Vehiculo([Placas],[NumSerie],[Litros_Motor],[Color],[Capacidad_Tanque],[Pasajeros],[Fecha_asignacion],[Modelo_Nombre]) VALUES('B33-FCZ','MNYYQ23909H758872',6.8,'AMARILLO','54','5','27/08/2004','Toyota Hilux');
INSERT INTO Vehiculo([Placas],[NumSerie],[Litros_Motor],[Color],[Capacidad_Tanque],[Pasajeros],[Fecha_asignacion],[Modelo_Nombre]) VALUES('L00-SSM','HMDWG40235U457436',7.7,'AZUL','41','5','01/07/2005','Nissan Tiida');
INSERT INTO Vehiculo([Placas],[NumSerie],[Litros_Motor],[Color],[Capacidad_Tanque],[Pasajeros],[Fecha_asignacion],[Modelo_Nombre]) VALUES('M52-VLQ','ECSFZ51235Y962865',8.2,'NEGRO','43','7','16/06/2014','Chevrolet Trax');
INSERT INTO Vehiculo([Placas],[NumSerie],[Litros_Motor],[Color],[Capacidad_Tanque],[Pasajeros],[Fecha_asignacion],[Modelo_Nombre]) VALUES('G84-UGH','CXKUY59621O895326',3,'NEGRO','37','5','07/08/2012','Nissan Frontier');
INSERT INTO Vehiculo([Placas],[NumSerie],[Litros_Motor],[Color],[Capacidad_Tanque],[Pasajeros],[Fecha_asignacion],[Modelo_Nombre]) VALUES('F88-ZHS','JMYTC81583K190301',5.1,'MARRON','54','8','14/02/2001','Nissan Tsuru');
INSERT INTO Vehiculo([Placas],[NumSerie],[Litros_Motor],[Color],[Capacidad_Tanque],[Pasajeros],[Fecha_asignacion],[Modelo_Nombre]) VALUES('A26-ZDN','FAMWZ23714I153134',5.9,'ROJO','43','8','10/07/2008','Chevrolet Spark Classic');
INSERT INTO Vehiculo([Placas],[NumSerie],[Litros_Motor],[Color],[Capacidad_Tanque],[Pasajeros],[Fecha_asignacion],[Modelo_Nombre]) VALUES('N20-NKB','JVSRX06591K591062',7.5,'NEGRO','47','8','22/10/2010','Nissan Sentra');
INSERT INTO Vehiculo([Placas],[NumSerie],[Litros_Motor],[Color],[Capacidad_Tanque],[Pasajeros],[Fecha_asignacion],[Modelo_Nombre]) VALUES('A39-HDR','YUYWL24155K298287',3,'GRIS','31','7','20/11/1998','Volkswagen Gol');
INSERT INTO Vehiculo([Placas],[NumSerie],[Litros_Motor],[Color],[Capacidad_Tanque],[Pasajeros],[Fecha_asignacion],[Modelo_Nombre]) VALUES('P86-TMK','BKOEC27050D080296',5.9,'VERDE','49','5','25/03/2016','Dodge Attitude');
INSERT INTO Vehiculo([Placas],[NumSerie],[Litros_Motor],[Color],[Capacidad_Tanque],[Pasajeros],[Fecha_asignacion],[Modelo_Nombre]) VALUES('U77-PFY','BEXNA11068U923330',5.1,'PLATEADO','54','5','30/07/2008','Volkswagen Gol');
INSERT INTO Vehiculo([Placas],[NumSerie],[Litros_Motor],[Color],[Capacidad_Tanque],[Pasajeros],[Fecha_asignacion],[Modelo_Nombre]) VALUES('Q13-QWA','INULX47156L032102',5.1,'GRIS','43','7','05/11/2010','Chevrolet Sonic');
INSERT INTO Vehiculo([Placas],[NumSerie],[Litros_Motor],[Color],[Capacidad_Tanque],[Pasajeros],[Fecha_asignacion],[Modelo_Nombre]) VALUES('H51-NRF','OWQUD68922Q440252',3.5,'VERDE','51','5','23/08/2008','Dodge Attitude');
INSERT INTO Vehiculo([Placas],[NumSerie],[Litros_Motor],[Color],[Capacidad_Tanque],[Pasajeros],[Fecha_asignacion],[Modelo_Nombre]) VALUES('R40-ZDR','JXGQD43091A597367',6.5,'AMARILLO','31','7','29/01/2016','Toyota Hilux');
INSERT INTO Vehiculo([Placas],[NumSerie],[Litros_Motor],[Color],[Capacidad_Tanque],[Pasajeros],[Fecha_asignacion],[Modelo_Nombre]) VALUES('E07-RIQ','WMRCF19330Y942345',5.1,'AMARILLO','35','5','09/03/2003','Dodge Attitude');
INSERT INTO Vehiculo([Placas],[NumSerie],[Litros_Motor],[Color],[Capacidad_Tanque],[Pasajeros],[Fecha_asignacion],[Modelo_Nombre]) VALUES('Z47-SJT','ETOQJ07310N461850',6.8,'PLATEADO','47','7','02/09/2015','Renault Duster');

-- Tabla Fue_Propiedad

INSERT INTO Fue_Propiedad([Placas],[Fecha_Inicio],[Placas_ant],[Edo_Registro],[Fecha_Fin]) VALUES('C20-TQW','19/02/1999','S16-OWO','Estado de Mexico','17/12/2002');
INSERT INTO Fue_Propiedad([Placas],[Fecha_Inicio],[Placas_ant],[Edo_Registro],[Fecha_Fin]) VALUES('B92-UMB','29/09/2002','D94-SNX','Guanajuato','18/10/2000');
INSERT INTO Fue_Propiedad([Placas],[Fecha_Inicio],[Placas_ant],[Edo_Registro],[Fecha_Fin]) VALUES('K13-CBP','29/06/2007','P30-ZHW','Baja California','02/06/2000');
INSERT INTO Fue_Propiedad([Placas],[Fecha_Inicio],[Placas_ant],[Edo_Registro],[Fecha_Fin]) VALUES('W86-HBA','19/12/2000','Y68-DPL','Aguascalientes','27/03/2008');
INSERT INTO Fue_Propiedad([Placas],[Fecha_Inicio],[Placas_ant],[Edo_Registro],[Fecha_Fin]) VALUES('U46-AEW','18/08/2001','G15-PSB','Oaxaca','15/09/2005');
INSERT INTO Fue_Propiedad([Placas],[Fecha_Inicio],[Placas_ant],[Edo_Registro],[Fecha_Fin]) VALUES('Y29-LJC','08/05/2001','S94-KMB','Sinaloa','14/04/2009');
INSERT INTO Fue_Propiedad([Placas],[Fecha_Inicio],[Placas_ant],[Edo_Registro],[Fecha_Fin]) VALUES('B56-FLA','19/06/2004','N42-WHQ','Sinaloa','13/06/2008');
INSERT INTO Fue_Propiedad([Placas],[Fecha_Inicio],[Placas_ant],[Edo_Registro],[Fecha_Fin]) VALUES('V67-PXE','13/03/2005','G84-HIO','Sinaloa','16/06/2009');
INSERT INTO Fue_Propiedad([Placas],[Fecha_Inicio],[Placas_ant],[Edo_Registro],[Fecha_Fin]) VALUES('E07-FDQ','05/04/2005','J55-JZI','Colima','20/07/2001');
INSERT INTO Fue_Propiedad([Placas],[Fecha_Inicio],[Placas_ant],[Edo_Registro],[Fecha_Fin]) VALUES('Q73-EUC','01/07/2001','R84-ZFF','Guanajuato','08/08/2009');
INSERT INTO Fue_Propiedad([Placas],[Fecha_Inicio],[Placas_ant],[Edo_Registro],[Fecha_Fin]) VALUES('R81-CUW','12/07/2003','A40-IPQ','Colima','25/09/2003');
INSERT INTO Fue_Propiedad([Placas],[Fecha_Inicio],[Placas_ant],[Edo_Registro],[Fecha_Fin]) VALUES('I29-HTQ','20/04/2004','Y55-MLO','Nuevo Leon','01/03/2004');
INSERT INTO Fue_Propiedad([Placas],[Fecha_Inicio],[Placas_ant],[Edo_Registro],[Fecha_Fin]) VALUES('V71-WNN','25/07/1998','Z81-XZX','Queretaro','15/07/2003');
INSERT INTO Fue_Propiedad([Placas],[Fecha_Inicio],[Placas_ant],[Edo_Registro],[Fecha_Fin]) VALUES('O96-EDC','28/07/2003','J79-AVC','Chihuahua','05/05/2001');
INSERT INTO Fue_Propiedad([Placas],[Fecha_Inicio],[Placas_ant],[Edo_Registro],[Fecha_Fin]) VALUES('L99-BGC','19/11/2005','E81-REU','Sinaloa','16/03/2007');
INSERT INTO Fue_Propiedad([Placas],[Fecha_Inicio],[Placas_ant],[Edo_Registro],[Fecha_Fin]) VALUES('Q92-FKD','03/07/2003','W96-ASX','Sonora','05/12/2008');
INSERT INTO Fue_Propiedad([Placas],[Fecha_Inicio],[Placas_ant],[Edo_Registro],[Fecha_Fin]) VALUES('Y05-JZZ','01/09/2001','I23-JGM','Quintana Roo','11/02/2003');
INSERT INTO Fue_Propiedad([Placas],[Fecha_Inicio],[Placas_ant],[Edo_Registro],[Fecha_Fin]) VALUES('C36-DCT','19/04/2001','W21-LXB','Durango','12/03/2000');
INSERT INTO Fue_Propiedad([Placas],[Fecha_Inicio],[Placas_ant],[Edo_Registro],[Fecha_Fin]) VALUES('W18-SHI','27/12/2000','X39-UNB','Nayarit','05/04/2005');
INSERT INTO Fue_Propiedad([Placas],[Fecha_Inicio],[Placas_ant],[Edo_Registro],[Fecha_Fin]) VALUES('P81-XWR','22/12/1997','F77-MRF','Tlaxcala','23/01/2003');
INSERT INTO Fue_Propiedad([Placas],[Fecha_Inicio],[Placas_ant],[Edo_Registro],[Fecha_Fin]) VALUES('O50-GHW','19/05/2001','E27-EPI','Veracruz','21/06/2002');
INSERT INTO Fue_Propiedad([Placas],[Fecha_Inicio],[Placas_ant],[Edo_Registro],[Fecha_Fin]) VALUES('M87-HFL','11/07/2000','U98-XSB','Baja California Sur','24/06/2001');
INSERT INTO Fue_Propiedad([Placas],[Fecha_Inicio],[Placas_ant],[Edo_Registro],[Fecha_Fin]) VALUES('L75-PRS','31/07/2004','I94-EJS','Morelos','25/07/2008');
INSERT INTO Fue_Propiedad([Placas],[Fecha_Inicio],[Placas_ant],[Edo_Registro],[Fecha_Fin]) VALUES('Z51-GZK','22/04/2000','W03-IUM','Quintana Roo','11/06/2004');
INSERT INTO Fue_Propiedad([Placas],[Fecha_Inicio],[Placas_ant],[Edo_Registro],[Fecha_Fin]) VALUES('I80-UMA','07/12/2003','R22-MXN','Guerrero','15/07/2000');
INSERT INTO Fue_Propiedad([Placas],[Fecha_Inicio],[Placas_ant],[Edo_Registro],[Fecha_Fin]) VALUES('L57-YQG','02/01/2007','I28-BHM','Tamaulipas','23/02/2000');
INSERT INTO Fue_Propiedad([Placas],[Fecha_Inicio],[Placas_ant],[Edo_Registro],[Fecha_Fin]) VALUES('Q30-EMZ','17/03/2000','L82-JLT','Morelos','11/09/2006');
INSERT INTO Fue_Propiedad([Placas],[Fecha_Inicio],[Placas_ant],[Edo_Registro],[Fecha_Fin]) VALUES('A68-SEQ','17/11/1999','R43-YGG','Oaxaca','10/04/2002');
INSERT INTO Fue_Propiedad([Placas],[Fecha_Inicio],[Placas_ant],[Edo_Registro],[Fecha_Fin]) VALUES('B68-EPJ','16/12/2005','U79-XEW','Puebla','06/04/2002');
INSERT INTO Fue_Propiedad([Placas],[Fecha_Inicio],[Placas_ant],[Edo_Registro],[Fecha_Fin]) VALUES('G87-XBX','02/09/2003','X21-NEO','Colima','28/11/2005');
INSERT INTO Fue_Propiedad([Placas],[Fecha_Inicio],[Placas_ant],[Edo_Registro],[Fecha_Fin]) VALUES('A30-FKU','13/02/1999','W24-ZQC','Estado de Mexico','17/11/2006');
INSERT INTO Fue_Propiedad([Placas],[Fecha_Inicio],[Placas_ant],[Edo_Registro],[Fecha_Fin]) VALUES('L43-ASI','17/08/2003','X13-EXO','Hidalgo','01/07/2004');
INSERT INTO Fue_Propiedad([Placas],[Fecha_Inicio],[Placas_ant],[Edo_Registro],[Fecha_Fin]) VALUES('T76-VBQ','03/08/2002','M12-NXL','Baja California','22/12/2007');

-- Tabla Involucra

INSERT INTO Involucra([IdExpediente],[Placas]) VALUES(72,'G60-IMN');
INSERT INTO Involucra([IdExpediente],[Placas]) VALUES(82,'B78-IQN');
INSERT INTO Involucra([IdExpediente],[Placas]) VALUES(48,'G88-BWI');
INSERT INTO Involucra([IdExpediente],[Placas]) VALUES(29,'T10-VGH');
INSERT INTO Involucra([IdExpediente],[Placas]) VALUES(75,'N98-MJT');
INSERT INTO Involucra([IdExpediente],[Placas]) VALUES(23,'E39-NFG');
INSERT INTO Involucra([IdExpediente],[Placas]) VALUES(5,'P90-PFA');
INSERT INTO Involucra([IdExpediente],[Placas]) VALUES(41,'R80-MRQ');
INSERT INTO Involucra([IdExpediente],[Placas]) VALUES(16,'G48-MEC');
INSERT INTO Involucra([IdExpediente],[Placas]) VALUES(74,'S79-LXP');
INSERT INTO Involucra([IdExpediente],[Placas]) VALUES(85,'F48-DAG');
INSERT INTO Involucra([IdExpediente],[Placas]) VALUES(19,'A20-OCH');
INSERT INTO Involucra([IdExpediente],[Placas]) VALUES(2,'Q28-JFE');
INSERT INTO Involucra([IdExpediente],[Placas]) VALUES(21,'B33-FCZ');
INSERT INTO Involucra([IdExpediente],[Placas]) VALUES(78,'R29-OBL');
INSERT INTO Involucra([IdExpediente],[Placas]) VALUES(71,'K12-KQL');
INSERT INTO Involucra([IdExpediente],[Placas]) VALUES(84,'G48-MEC');
INSERT INTO Involucra([IdExpediente],[Placas]) VALUES(87,'R02-OMX');
INSERT INTO Involucra([IdExpediente],[Placas]) VALUES(61,'P90-PFA');
INSERT INTO Involucra([IdExpediente],[Placas]) VALUES(1,'X47-BCR');
INSERT INTO Involucra([IdExpediente],[Placas]) VALUES(95,'M52-VLQ');
INSERT INTO Involucra([IdExpediente],[Placas]) VALUES(100,'G60-IMN');
INSERT INTO Involucra([IdExpediente],[Placas]) VALUES(45,'X47-BCR');
INSERT INTO Involucra([IdExpediente],[Placas]) VALUES(40,'L00-SSM');
INSERT INTO Involucra([IdExpediente],[Placas]) VALUES(27,'K26-SEA');
INSERT INTO Involucra([IdExpediente],[Placas]) VALUES(80,'D66-DBH');
INSERT INTO Involucra([IdExpediente],[Placas]) VALUES(38,'E40-AON');
INSERT INTO Involucra([IdExpediente],[Placas]) VALUES(49,'V58-KAA');
INSERT INTO Involucra([IdExpediente],[Placas]) VALUES(60,'K91-TTJ');
INSERT INTO Involucra([IdExpediente],[Placas]) VALUES(42,'X47-BCR');
INSERT INTO Involucra([IdExpediente],[Placas]) VALUES(35,'U22-STO');
INSERT INTO Involucra([IdExpediente],[Placas]) VALUES(55,'E39-NFG');
INSERT INTO Involucra([IdExpediente],[Placas]) VALUES(68,'B78-IQN');
INSERT INTO Involucra([IdExpediente],[Placas]) VALUES(17,'E82-JMC');
INSERT INTO Involucra([IdExpediente],[Placas]) VALUES(77,'A20-OCH');
INSERT INTO Involucra([IdExpediente],[Placas]) VALUES(62,'L00-SSM');
INSERT INTO Involucra([IdExpediente],[Placas]) VALUES(22,'B78-IQN');
INSERT INTO Involucra([IdExpediente],[Placas]) VALUES(64,'D30-SYB');
INSERT INTO Involucra([IdExpediente],[Placas]) VALUES(39,'F70-HGZ');
INSERT INTO Involucra([IdExpediente],[Placas]) VALUES(79,'R29-OBL');
INSERT INTO Involucra([IdExpediente],[Placas]) VALUES(43,'N98-MJT');
INSERT INTO Involucra([IdExpediente],[Placas]) VALUES(13,'M52-VLQ');
INSERT INTO Involucra([IdExpediente],[Placas]) VALUES(44,'B33-FCZ');
INSERT INTO Involucra([IdExpediente],[Placas]) VALUES(81,'U22-STO');
INSERT INTO Involucra([IdExpediente],[Placas]) VALUES(47,'J56-VPN');
INSERT INTO Involucra([IdExpediente],[Placas]) VALUES(8,'Q28-JFE');
INSERT INTO Involucra([IdExpediente],[Placas]) VALUES(56,'R34-HPV');
INSERT INTO Involucra([IdExpediente],[Placas]) VALUES(9,'G60-IMN');
INSERT INTO Involucra([IdExpediente],[Placas]) VALUES(50,'P90-PFA');
INSERT INTO Involucra([IdExpediente],[Placas]) VALUES(18,'E40-AON');
INSERT INTO Involucra([IdExpediente],[Placas]) VALUES(90,'R53-JYS');
INSERT INTO Involucra([IdExpediente],[Placas]) VALUES(37,'K12-KQL');
INSERT INTO Involucra([IdExpediente],[Placas]) VALUES(6,'B27-CBJ');
INSERT INTO Involucra([IdExpediente],[Placas]) VALUES(59,'E82-JMC');
INSERT INTO Involucra([IdExpediente],[Placas]) VALUES(96,'R29-OBL');
INSERT INTO Involucra([IdExpediente],[Placas]) VALUES(86,'G60-IMN');
INSERT INTO Involucra([IdExpediente],[Placas]) VALUES(12,'M52-VLQ');
INSERT INTO Involucra([IdExpediente],[Placas]) VALUES(91,'O90-EJW');
INSERT INTO Involucra([IdExpediente],[Placas]) VALUES(36,'K91-TTJ');
INSERT INTO Involucra([IdExpediente],[Placas]) VALUES(83,'P90-PFA');
INSERT INTO Involucra([IdExpediente],[Placas]) VALUES(4,'M66-MZB');
INSERT INTO Involucra([IdExpediente],[Placas]) VALUES(31,'H75-JGK');
INSERT INTO Involucra([IdExpediente],[Placas]) VALUES(99,'L00-SSM');
INSERT INTO Involucra([IdExpediente],[Placas]) VALUES(89,'J56-VPN');
INSERT INTO Involucra([IdExpediente],[Placas]) VALUES(66,'Y01-DQN');
INSERT INTO Involucra([IdExpediente],[Placas]) VALUES(10,'S64-MLE');
INSERT INTO Involucra([IdExpediente],[Placas]) VALUES(34,'X67-NLX');
INSERT INTO Involucra([IdExpediente],[Placas]) VALUES(11,'A20-OCH');
INSERT INTO Involucra([IdExpediente],[Placas]) VALUES(28,'V58-KAA');

-- Tabla Tarjeta_Circulacion

INSERT INTO Tarjeta_Circulacion([Placas],[Fecha_vencimiento],[Vigencia]) VALUES('S79-LXP','29/11/2002','ACTIVA');
INSERT INTO Tarjeta_Circulacion([Placas],[Fecha_vencimiento],[Vigencia]) VALUES('Z47-SJT','01/06/2017','CANCELADA');
INSERT INTO Tarjeta_Circulacion([Placas],[Fecha_vencimiento],[Vigencia]) VALUES('D30-SYB','17/04/2001','ACTIVA');
INSERT INTO Tarjeta_Circulacion([Placas],[Fecha_vencimiento],[Vigencia]) VALUES('R40-ZDR','29/05/2004','ACTIVA');
INSERT INTO Tarjeta_Circulacion([Placas],[Fecha_vencimiento],[Vigencia]) VALUES('R80-MRQ','26/08/2012','CANCELADA');
INSERT INTO Tarjeta_Circulacion([Placas],[Fecha_vencimiento],[Vigencia]) VALUES('Y01-DQN','14/04/2004','ACTIVA');
INSERT INTO Tarjeta_Circulacion([Placas],[Fecha_vencimiento],[Vigencia]) VALUES('L47-URQ','07/11/2015','CANCELADA');
INSERT INTO Tarjeta_Circulacion([Placas],[Fecha_vencimiento],[Vigencia]) VALUES('Q13-QWA','26/04/2001','ACTIVA');
INSERT INTO Tarjeta_Circulacion([Placas],[Fecha_vencimiento],[Vigencia]) VALUES('R53-JYS','01/08/2001','ACTIVA');
INSERT INTO Tarjeta_Circulacion([Placas],[Fecha_vencimiento],[Vigencia]) VALUES('H51-NRF','13/12/2014','CANCELADA');
INSERT INTO Tarjeta_Circulacion([Placas],[Fecha_vencimiento],[Vigencia]) VALUES('R53-JYS','24/09/2000','ACTIVA');
INSERT INTO Tarjeta_Circulacion([Placas],[Fecha_vencimiento],[Vigencia]) VALUES('R02-OMX','21/02/2015','ACTIVA');
INSERT INTO Tarjeta_Circulacion([Placas],[Fecha_vencimiento],[Vigencia]) VALUES('K91-TTJ','08/08/2010','ACTIVA');
INSERT INTO Tarjeta_Circulacion([Placas],[Fecha_vencimiento],[Vigencia]) VALUES('H75-JGK','30/04/2006','CANCELADA');
INSERT INTO Tarjeta_Circulacion([Placas],[Fecha_vencimiento],[Vigencia]) VALUES('T10-VGH','03/07/2006','CANCELADA');
INSERT INTO Tarjeta_Circulacion([Placas],[Fecha_vencimiento],[Vigencia]) VALUES('S64-MLE','18/02/2015','CANCELADA');
INSERT INTO Tarjeta_Circulacion([Placas],[Fecha_vencimiento],[Vigencia]) VALUES('A20-OCH','10/03/2013','CANCELADA');
INSERT INTO Tarjeta_Circulacion([Placas],[Fecha_vencimiento],[Vigencia]) VALUES('P86-TMK','20/08/2005','CANCELADA');
INSERT INTO Tarjeta_Circulacion([Placas],[Fecha_vencimiento],[Vigencia]) VALUES('G84-UGH','09/01/2011','ACTIVA');
INSERT INTO Tarjeta_Circulacion([Placas],[Fecha_vencimiento],[Vigencia]) VALUES('A20-OCH','13/03/2005','CANCELADA');
INSERT INTO Tarjeta_Circulacion([Placas],[Fecha_vencimiento],[Vigencia]) VALUES('K91-TTJ','27/06/2004','CANCELADA');
INSERT INTO Tarjeta_Circulacion([Placas],[Fecha_vencimiento],[Vigencia]) VALUES('B78-IQN','05/06/2012','ACTIVA');
INSERT INTO Tarjeta_Circulacion([Placas],[Fecha_vencimiento],[Vigencia]) VALUES('F73-SOI','19/03/2004','ACTIVA');
INSERT INTO Tarjeta_Circulacion([Placas],[Fecha_vencimiento],[Vigencia]) VALUES('Z47-SJT','30/11/2016','CANCELADA');
INSERT INTO Tarjeta_Circulacion([Placas],[Fecha_vencimiento],[Vigencia]) VALUES('K12-KQL','23/03/2012','CANCELADA');
INSERT INTO Tarjeta_Circulacion([Placas],[Fecha_vencimiento],[Vigencia]) VALUES('S53-LKK','20/02/2008','CANCELADA');
INSERT INTO Tarjeta_Circulacion([Placas],[Fecha_vencimiento],[Vigencia]) VALUES('G88-BWI','07/02/2017','ACTIVA');
INSERT INTO Tarjeta_Circulacion([Placas],[Fecha_vencimiento],[Vigencia]) VALUES('D66-DBH','16/09/2003','CANCELADA');
INSERT INTO Tarjeta_Circulacion([Placas],[Fecha_vencimiento],[Vigencia]) VALUES('O90-EJW','29/02/2012','CANCELADA');
INSERT INTO Tarjeta_Circulacion([Placas],[Fecha_vencimiento],[Vigencia]) VALUES('R53-JYS','24/02/2012','ACTIVA');
INSERT INTO Tarjeta_Circulacion([Placas],[Fecha_vencimiento],[Vigencia]) VALUES('R29-OBL','06/03/2012','ACTIVA');
INSERT INTO Tarjeta_Circulacion([Placas],[Fecha_vencimiento],[Vigencia]) VALUES('G61-WGN','20/01/2007','CANCELADA');
INSERT INTO Tarjeta_Circulacion([Placas],[Fecha_vencimiento],[Vigencia]) VALUES('Q32-ZAL','12/10/2017','ACTIVA');
INSERT INTO Tarjeta_Circulacion([Placas],[Fecha_vencimiento],[Vigencia]) VALUES('P90-PFA','27/11/2006','ACTIVA');
INSERT INTO Tarjeta_Circulacion([Placas],[Fecha_vencimiento],[Vigencia]) VALUES('H51-NRF','29/07/2008','ACTIVA');
INSERT INTO Tarjeta_Circulacion([Placas],[Fecha_vencimiento],[Vigencia]) VALUES('E07-RIQ','26/10/2010','CANCELADA');
INSERT INTO Tarjeta_Circulacion([Placas],[Fecha_vencimiento],[Vigencia]) VALUES('A39-HDR','30/11/2003','CANCELADA');
INSERT INTO Tarjeta_Circulacion([Placas],[Fecha_vencimiento],[Vigencia]) VALUES('J56-VPN','11/03/2007','CANCELADA');
INSERT INTO Tarjeta_Circulacion([Placas],[Fecha_vencimiento],[Vigencia]) VALUES('H75-JGK','13/05/2013','ACTIVA');
INSERT INTO Tarjeta_Circulacion([Placas],[Fecha_vencimiento],[Vigencia]) VALUES('T10-VGH','03/10/2017','CANCELADA');
INSERT INTO Tarjeta_Circulacion([Placas],[Fecha_vencimiento],[Vigencia]) VALUES('R34-HPV','03/09/2012','CANCELADA');
INSERT INTO Tarjeta_Circulacion([Placas],[Fecha_vencimiento],[Vigencia]) VALUES('Q28-JFE','06/06/2009','ACTIVA');
INSERT INTO Tarjeta_Circulacion([Placas],[Fecha_vencimiento],[Vigencia]) VALUES('R80-MRQ','19/09/2005','CANCELADA');
INSERT INTO Tarjeta_Circulacion([Placas],[Fecha_vencimiento],[Vigencia]) VALUES('G88-BWI','03/08/2006','ACTIVA');
INSERT INTO Tarjeta_Circulacion([Placas],[Fecha_vencimiento],[Vigencia]) VALUES('P90-PFA','02/11/2000','CANCELADA');
INSERT INTO Tarjeta_Circulacion([Placas],[Fecha_vencimiento],[Vigencia]) VALUES('G60-IMN','08/05/2012','ACTIVA');
INSERT INTO Tarjeta_Circulacion([Placas],[Fecha_vencimiento],[Vigencia]) VALUES('H75-JGK','04/06/2016','ACTIVA');
INSERT INTO Tarjeta_Circulacion([Placas],[Fecha_vencimiento],[Vigencia]) VALUES('G60-IMN','27/03/2008','CANCELADA');
INSERT INTO Tarjeta_Circulacion([Placas],[Fecha_vencimiento],[Vigencia]) VALUES('R02-OMX','19/07/2009','ACTIVA');
INSERT INTO Tarjeta_Circulacion([Placas],[Fecha_vencimiento],[Vigencia]) VALUES('G84-UGH','10/12/2007','CANCELADA');
INSERT INTO Tarjeta_Circulacion([Placas],[Fecha_vencimiento],[Vigencia]) VALUES('T72-YSC','17/02/2017','ACTIVA');
INSERT INTO Tarjeta_Circulacion([Placas],[Fecha_vencimiento],[Vigencia]) VALUES('S64-MLE','30/04/2011','CANCELADA');
INSERT INTO Tarjeta_Circulacion([Placas],[Fecha_vencimiento],[Vigencia]) VALUES('B33-FCZ','29/12/2011','CANCELADA');
INSERT INTO Tarjeta_Circulacion([Placas],[Fecha_vencimiento],[Vigencia]) VALUES('T10-VGH','05/07/2003','CANCELADA');
INSERT INTO Tarjeta_Circulacion([Placas],[Fecha_vencimiento],[Vigencia]) VALUES('V58-KAA','27/09/2013','CANCELADA');
INSERT INTO Tarjeta_Circulacion([Placas],[Fecha_vencimiento],[Vigencia]) VALUES('Z47-SJT','06/06/2001','CANCELADA');
INSERT INTO Tarjeta_Circulacion([Placas],[Fecha_vencimiento],[Vigencia]) VALUES('G88-BWI','06/07/2015','ACTIVA');
INSERT INTO Tarjeta_Circulacion([Placas],[Fecha_vencimiento],[Vigencia]) VALUES('H75-JGK','09/05/2001','CANCELADA');
INSERT INTO Tarjeta_Circulacion([Placas],[Fecha_vencimiento],[Vigencia]) VALUES('P90-PFA','26/07/2015','CANCELADA');
INSERT INTO Tarjeta_Circulacion([Placas],[Fecha_vencimiento],[Vigencia]) VALUES('Q28-JFE','18/03/2016','ACTIVA');
INSERT INTO Tarjeta_Circulacion([Placas],[Fecha_vencimiento],[Vigencia]) VALUES('Y01-DQN','09/12/2001','CANCELADA');
INSERT INTO Tarjeta_Circulacion([Placas],[Fecha_vencimiento],[Vigencia]) VALUES('P90-PFA','04/01/2013','CANCELADA');
INSERT INTO Tarjeta_Circulacion([Placas],[Fecha_vencimiento],[Vigencia]) VALUES('D30-SYB','22/11/2003','CANCELADA');
INSERT INTO Tarjeta_Circulacion([Placas],[Fecha_vencimiento],[Vigencia]) VALUES('U22-STO','15/12/2001','CANCELADA');
INSERT INTO Tarjeta_Circulacion([Placas],[Fecha_vencimiento],[Vigencia]) VALUES('F73-SOI','09/10/2007','ACTIVA');
INSERT INTO Tarjeta_Circulacion([Placas],[Fecha_vencimiento],[Vigencia]) VALUES('E39-NFG','26/09/2005','ACTIVA');
INSERT INTO Tarjeta_Circulacion([Placas],[Fecha_vencimiento],[Vigencia]) VALUES('X47-BCR','04/05/2004','ACTIVA');
INSERT INTO Tarjeta_Circulacion([Placas],[Fecha_vencimiento],[Vigencia]) VALUES('Z47-SJT','09/02/2016','ACTIVA');
INSERT INTO Tarjeta_Circulacion([Placas],[Fecha_vencimiento],[Vigencia]) VALUES('U22-STO','19/09/2010','CANCELADA');
INSERT INTO Tarjeta_Circulacion([Placas],[Fecha_vencimiento],[Vigencia]) VALUES('U22-STO','06/09/2013','CANCELADA');
INSERT INTO Tarjeta_Circulacion([Placas],[Fecha_vencimiento],[Vigencia]) VALUES('B78-IQN','11/01/2012','ACTIVA');
INSERT INTO Tarjeta_Circulacion([Placas],[Fecha_vencimiento],[Vigencia]) VALUES('G48-MEC','06/08/2005','ACTIVA');
INSERT INTO Tarjeta_Circulacion([Placas],[Fecha_vencimiento],[Vigencia]) VALUES('T10-VGH','15/11/2004','ACTIVA');
INSERT INTO Tarjeta_Circulacion([Placas],[Fecha_vencimiento],[Vigencia]) VALUES('Z47-SJT','05/02/2010','CANCELADA');
INSERT INTO Tarjeta_Circulacion([Placas],[Fecha_vencimiento],[Vigencia]) VALUES('O90-EJW','06/11/2001','ACTIVA');
INSERT INTO Tarjeta_Circulacion([Placas],[Fecha_vencimiento],[Vigencia]) VALUES('M52-VLQ','02/03/2016','ACTIVA');
INSERT INTO Tarjeta_Circulacion([Placas],[Fecha_vencimiento],[Vigencia]) VALUES('H75-JGK','12/08/2015','ACTIVA');
INSERT INTO Tarjeta_Circulacion([Placas],[Fecha_vencimiento],[Vigencia]) VALUES('B78-IQN','03/10/2011','CANCELADA');
INSERT INTO Tarjeta_Circulacion([Placas],[Fecha_vencimiento],[Vigencia]) VALUES('K91-TTJ','16/03/2004','ACTIVA');
INSERT INTO Tarjeta_Circulacion([Placas],[Fecha_vencimiento],[Vigencia]) VALUES('R80-MRQ','26/03/2012','CANCELADA');
INSERT INTO Tarjeta_Circulacion([Placas],[Fecha_vencimiento],[Vigencia]) VALUES('U77-PFY','01/06/2005','ACTIVA');
INSERT INTO Tarjeta_Circulacion([Placas],[Fecha_vencimiento],[Vigencia]) VALUES('U22-STO','03/03/2008','ACTIVA');
INSERT INTO Tarjeta_Circulacion([Placas],[Fecha_vencimiento],[Vigencia]) VALUES('D66-DBH','22/01/2001','ACTIVA');
INSERT INTO Tarjeta_Circulacion([Placas],[Fecha_vencimiento],[Vigencia]) VALUES('F48-DAG','17/06/2008','ACTIVA');
INSERT INTO Tarjeta_Circulacion([Placas],[Fecha_vencimiento],[Vigencia]) VALUES('F48-DAG','01/01/2017','CANCELADA');
INSERT INTO Tarjeta_Circulacion([Placas],[Fecha_vencimiento],[Vigencia]) VALUES('K26-SEA','26/08/2017','ACTIVA');
INSERT INTO Tarjeta_Circulacion([Placas],[Fecha_vencimiento],[Vigencia]) VALUES('E82-JMC','06/12/2002','CANCELADA');
INSERT INTO Tarjeta_Circulacion([Placas],[Fecha_vencimiento],[Vigencia]) VALUES('M66-MZB','28/11/2005','ACTIVA');
INSERT INTO Tarjeta_Circulacion([Placas],[Fecha_vencimiento],[Vigencia]) VALUES('H51-NRF','22/09/2017','ACTIVA');
INSERT INTO Tarjeta_Circulacion([Placas],[Fecha_vencimiento],[Vigencia]) VALUES('Q28-JFE','24/03/2008','CANCELADA');
INSERT INTO Tarjeta_Circulacion([Placas],[Fecha_vencimiento],[Vigencia]) VALUES('G61-WGN','17/02/2008','CANCELADA');
INSERT INTO Tarjeta_Circulacion([Placas],[Fecha_vencimiento],[Vigencia]) VALUES('E39-NFG','11/07/2000','CANCELADA');
INSERT INTO Tarjeta_Circulacion([Placas],[Fecha_vencimiento],[Vigencia]) VALUES('Y96-TAA','28/06/2015','ACTIVA');
INSERT INTO Tarjeta_Circulacion([Placas],[Fecha_vencimiento],[Vigencia]) VALUES('K91-TTJ','24/02/2002','CANCELADA');
INSERT INTO Tarjeta_Circulacion([Placas],[Fecha_vencimiento],[Vigencia]) VALUES('K26-SEA','29/08/2010','ACTIVA');
INSERT INTO Tarjeta_Circulacion([Placas],[Fecha_vencimiento],[Vigencia]) VALUES('K91-TTJ','31/08/2008','CANCELADA');
INSERT INTO Tarjeta_Circulacion([Placas],[Fecha_vencimiento],[Vigencia]) VALUES('G48-MEC','02/12/2003','CANCELADA');
INSERT INTO Tarjeta_Circulacion([Placas],[Fecha_vencimiento],[Vigencia]) VALUES('R02-OMX','05/05/2016','ACTIVA');
INSERT INTO Tarjeta_Circulacion([Placas],[Fecha_vencimiento],[Vigencia]) VALUES('M52-VLQ','04/01/2013','ACTIVA');
INSERT INTO Tarjeta_Circulacion([Placas],[Fecha_vencimiento],[Vigencia]) VALUES('U37-NYD','14/05/2000','CANCELADA');

-- Tabla Pertenece

INSERT INTO Pertenece([Placas],[RFC]) VALUES('S64-MLE','FORL721016JWR');
INSERT INTO Pertenece([Placas],[RFC]) VALUES('U37-NYD','CIFK040922JUN');
INSERT INTO Pertenece([Placas],[RFC]) VALUES('A26-ZDN','PUDJ830825TFI');
INSERT INTO Pertenece([Placas],[RFC]) VALUES('J56-VPN','MOQX050802VZM');
INSERT INTO Pertenece([Placas],[RFC]) VALUES('X47-BCR','NIZG720520TUU');
INSERT INTO Pertenece([Placas],[RFC]) VALUES('F70-HGZ','VOTE990725YEF');
INSERT INTO Pertenece([Placas],[RFC]) VALUES('Y96-TAA','CUCH751223ICK');
INSERT INTO Pertenece([Placas],[RFC]) VALUES('A39-HDR','AEXU150823JHC');
INSERT INTO Pertenece([Placas],[RFC]) VALUES('R02-OMX','PAOR081101NLT');
INSERT INTO Pertenece([Placas],[RFC]) VALUES('R29-OBL','QAEP930227ADP');
INSERT INTO Pertenece([Placas],[RFC]) VALUES('G88-BWI','FORL721016JWR');
INSERT INTO Pertenece([Placas],[RFC]) VALUES('T72-YSC','XINY700929VZJ');
INSERT INTO Pertenece([Placas],[RFC]) VALUES('R80-MRQ','VIOR031229LYT');
INSERT INTO Pertenece([Placas],[RFC]) VALUES('O90-EJW','IUZK930601JVF');
INSERT INTO Pertenece([Placas],[RFC]) VALUES('Y01-DQN','MAQE011222QGD');
INSERT INTO Pertenece([Placas],[RFC]) VALUES('V58-KAA','YOVE890723QBS');
INSERT INTO Pertenece([Placas],[RFC]) VALUES('L00-SSM','CERS730711FMX');
INSERT INTO Pertenece([Placas],[RFC]) VALUES('Q13-QWA','REIG020204KXB');
INSERT INTO Pertenece([Placas],[RFC]) VALUES('H51-NRF','MAQE011222QGD');
INSERT INTO Pertenece([Placas],[RFC]) VALUES('Q28-JFE','QEGI060815JGO');
INSERT INTO Pertenece([Placas],[RFC]) VALUES('L47-URQ','KURX811217UKH');
INSERT INTO Pertenece([Placas],[RFC]) VALUES('Z47-SJT','CIFK040922JUN');
INSERT INTO Pertenece([Placas],[RFC]) VALUES('E39-NFG','CAVE090304LTV');
INSERT INTO Pertenece([Placas],[RFC]) VALUES('M66-MZB','PABK940526YUS');
INSERT INTO Pertenece([Placas],[RFC]) VALUES('N98-MJT','DAPQ721103SAD');
INSERT INTO Pertenece([Placas],[RFC]) VALUES('M52-VLQ','RIFY190114ERM');
INSERT INTO Pertenece([Placas],[RFC]) VALUES('B78-IQN','LUWQ850219WYV');
INSERT INTO Pertenece([Placas],[RFC]) VALUES('D30-SYB','QEMH931129MSE');
INSERT INTO Pertenece([Placas],[RFC]) VALUES('F48-DAG','YUCW900924RPR');
INSERT INTO Pertenece([Placas],[RFC]) VALUES('U22-STO','EUER710323MPN');
INSERT INTO Pertenece([Placas],[RFC]) VALUES('S53-LKK','WIPN180601MKI');
INSERT INTO Pertenece([Placas],[RFC]) VALUES('P86-TMK','LUWQ850219WYV');
INSERT INTO Pertenece([Placas],[RFC]) VALUES('H75-JGK','PAOR081101NLT');
INSERT INTO Pertenece([Placas],[RFC]) VALUES('F88-ZHS','UEGO880915WRX');
INSERT INTO Pertenece([Placas],[RFC]) VALUES('T10-VGH','JUQR940501LFN');
INSERT INTO Pertenece([Placas],[RFC]) VALUES('X67-NLX','UONT770323UDW');
INSERT INTO Pertenece([Placas],[RFC]) VALUES('K91-TTJ','FOLD960519KRI');
INSERT INTO Pertenece([Placas],[RFC]) VALUES('Q32-ZAL','UOEW841007QDE');
INSERT INTO Pertenece([Placas],[RFC]) VALUES('E40-AON','LAZB920708VUZ');
INSERT INTO Pertenece([Placas],[RFC]) VALUES('R34-HPV','REIG020204KXB');
INSERT INTO Pertenece([Placas],[RFC]) VALUES('D66-DBH','MESO760712WEO');
INSERT INTO Pertenece([Placas],[RFC]) VALUES('G48-MEC','OIRZ030710UMU');
INSERT INTO Pertenece([Placas],[RFC]) VALUES('A20-OCH','FORL721016JWR');
INSERT INTO Pertenece([Placas],[RFC]) VALUES('R53-JYS','OIYS170304FDD');
INSERT INTO Pertenece([Placas],[RFC]) VALUES('E82-JMC','MAQE011222QGD');
INSERT INTO Pertenece([Placas],[RFC]) VALUES('S79-LXP','EIWJ040812KGA');
INSERT INTO Pertenece([Placas],[RFC]) VALUES('G84-UGH','DAPQ721103SAD');

-- Tabla Fue_Propietario

INSERT INTO Fue_Propietario([Placas],[RFC]) VALUES('H75-JGK','SEST101010NZT');
INSERT INTO Fue_Propietario([Placas],[RFC]) VALUES('A26-ZDN','MOQX050802VZM');
INSERT INTO Fue_Propietario([Placas],[RFC]) VALUES('S53-LKK','JEUZ050314PZT');
INSERT INTO Fue_Propietario([Placas],[RFC]) VALUES('M66-MZB','CERS730711FMX');
INSERT INTO Fue_Propietario([Placas],[RFC]) VALUES('F48-DAG','YOZY960129EGN');
INSERT INTO Fue_Propietario([Placas],[RFC]) VALUES('R29-OBL','CUCH751223ICK');
INSERT INTO Fue_Propietario([Placas],[RFC]) VALUES('A20-OCH','GIWI071119NEP');
INSERT INTO Fue_Propietario([Placas],[RFC]) VALUES('Y01-DQN','MOQX050802VZM');
INSERT INTO Fue_Propietario([Placas],[RFC]) VALUES('M52-VLQ','AUCP770407QUG');
INSERT INTO Fue_Propietario([Placas],[RFC]) VALUES('U77-PFY','WUUZ980403QKH');
INSERT INTO Fue_Propietario([Placas],[RFC]) VALUES('R02-OMX','UOEW841007QDE');
INSERT INTO Fue_Propietario([Placas],[RFC]) VALUES('O90-EJW','MESO760712WEO');
INSERT INTO Fue_Propietario([Placas],[RFC]) VALUES('G60-IMN','AUWT781203XGN');
INSERT INTO Fue_Propietario([Placas],[RFC]) VALUES('R53-JYS','FEGK761029KPL');
INSERT INTO Fue_Propietario([Placas],[RFC]) VALUES('A39-HDR','JEUZ050314PZT');
INSERT INTO Fue_Propietario([Placas],[RFC]) VALUES('G88-BWI','LIPU850110RGB');
INSERT INTO Fue_Propietario([Placas],[RFC]) VALUES('G48-MEC','OUKG711221RJD');
INSERT INTO Fue_Propietario([Placas],[RFC]) VALUES('P86-TMK','OUKG711221RJD');
INSERT INTO Fue_Propietario([Placas],[RFC]) VALUES('L47-URQ','XINY700929VZJ');
INSERT INTO Fue_Propietario([Placas],[RFC]) VALUES('E07-RIQ','OUKG711221RJD');
INSERT INTO Fue_Propietario([Placas],[RFC]) VALUES('B78-IQN','CIPC820807MYV');
INSERT INTO Fue_Propietario([Placas],[RFC]) VALUES('O90-EJW','EODQ880227MVW');
INSERT INTO Fue_Propietario([Placas],[RFC]) VALUES('F88-ZHS','SEST101010NZT');
INSERT INTO Fue_Propietario([Placas],[RFC]) VALUES('R29-OBL','AOTR800129MRV');
INSERT INTO Fue_Propietario([Placas],[RFC]) VALUES('F70-HGZ','KURX811217UKH');
INSERT INTO Fue_Propietario([Placas],[RFC]) VALUES('S64-MLE','LUWQ850219WYV');
INSERT INTO Fue_Propietario([Placas],[RFC]) VALUES('V58-KAA','RIFY190114ERM');
INSERT INTO Fue_Propietario([Placas],[RFC]) VALUES('B78-IQN','EEVT020608NRP');
INSERT INTO Fue_Propietario([Placas],[RFC]) VALUES('G88-BWI','MOQX050802VZM');
INSERT INTO Fue_Propietario([Placas],[RFC]) VALUES('E39-NFG','WUUZ980403QKH');
INSERT INTO Fue_Propietario([Placas],[RFC]) VALUES('F88-ZHS','EITV060303EFX');
INSERT INTO Fue_Propietario([Placas],[RFC]) VALUES('L47-URQ','CATB880902FAP');
INSERT INTO Fue_Propietario([Placas],[RFC]) VALUES('K91-TTJ','YUQZ710708OMG');
INSERT INTO Fue_Propietario([Placas],[RFC]) VALUES('L47-URQ','AUWT781203XGN');
INSERT INTO Fue_Propietario([Placas],[RFC]) VALUES('Q28-JFE','TUPG161218OQI');
INSERT INTO Fue_Propietario([Placas],[RFC]) VALUES('P90-PFA','LOEM171224OOO');
INSERT INTO Fue_Propietario([Placas],[RFC]) VALUES('E40-AON','EODQ880227MVW');
INSERT INTO Fue_Propietario([Placas],[RFC]) VALUES('D30-SYB','KURX811217UKH');
INSERT INTO Fue_Propietario([Placas],[RFC]) VALUES('O90-EJW','FORL721016JWR');
INSERT INTO Fue_Propietario([Placas],[RFC]) VALUES('E82-JMC','RAVW840113YJO');
INSERT INTO Fue_Propietario([Placas],[RFC]) VALUES('G88-BWI','CIPC820807MYV');
INSERT INTO Fue_Propietario([Placas],[RFC]) VALUES('R80-MRQ','KEFL880418KII');
INSERT INTO Fue_Propietario([Placas],[RFC]) VALUES('D30-SYB','FEGK761029KPL');
INSERT INTO Fue_Propietario([Placas],[RFC]) VALUES('R02-OMX','GIWI071119NEP');
INSERT INTO Fue_Propietario([Placas],[RFC]) VALUES('K91-TTJ','JUQR940501LFN');
INSERT INTO Fue_Propietario([Placas],[RFC]) VALUES('E07-RIQ','EANT070504GAA');
INSERT INTO Fue_Propietario([Placas],[RFC]) VALUES('V58-KAA','TOOO890618TCC');
INSERT INTO Fue_Propietario([Placas],[RFC]) VALUES('O90-EJW','OUKG711221RJD');
INSERT INTO Fue_Propietario([Placas],[RFC]) VALUES('U22-STO','XUQH730925BBI');
INSERT INTO Fue_Propietario([Placas],[RFC]) VALUES('M52-VLQ','WIPN180601MKI');
INSERT INTO Fue_Propietario([Placas],[RFC]) VALUES('K12-KQL','DAPQ721103SAD');
INSERT INTO Fue_Propietario([Placas],[RFC]) VALUES('G88-BWI','SEST101010NZT');
INSERT INTO Fue_Propietario([Placas],[RFC]) VALUES('E07-RIQ','KEQF730117UVZ');
INSERT INTO Fue_Propietario([Placas],[RFC]) VALUES('U77-PFY','MUBX831126NFW');
INSERT INTO Fue_Propietario([Placas],[RFC]) VALUES('D66-DBH','PUDJ830825TFI');
INSERT INTO Fue_Propietario([Placas],[RFC]) VALUES('A39-HDR','RAVW840113YJO');
INSERT INTO Fue_Propietario([Placas],[RFC]) VALUES('H75-JGK','LIPU850110RGB');
INSERT INTO Fue_Propietario([Placas],[RFC]) VALUES('X47-BCR','LUWQ850219WYV');
INSERT INTO Fue_Propietario([Placas],[RFC]) VALUES('F70-HGZ','LAZB920708VUZ');
INSERT INTO Fue_Propietario([Placas],[RFC]) VALUES('K91-TTJ','AERU010927DCC');
INSERT INTO Fue_Propietario([Placas],[RFC]) VALUES('F73-SOI','VOTE990725YEF');
INSERT INTO Fue_Propietario([Placas],[RFC]) VALUES('A20-OCH','RAVW840113YJO');
INSERT INTO Fue_Propietario([Placas],[RFC]) VALUES('A20-OCH','RUCT010624LHN');
INSERT INTO Fue_Propietario([Placas],[RFC]) VALUES('G88-BWI','EIWJ040812KGA');
INSERT INTO Fue_Propietario([Placas],[RFC]) VALUES('R40-ZDR','EIWJ040812KGA');
INSERT INTO Fue_Propietario([Placas],[RFC]) VALUES('Y01-DQN','QAEP930227ADP');
INSERT INTO Fue_Propietario([Placas],[RFC]) VALUES('S64-MLE','EIGN830527GXM');
INSERT INTO Fue_Propietario([Placas],[RFC]) VALUES('B27-CBJ','PUDJ830825TFI');
INSERT INTO Fue_Propietario([Placas],[RFC]) VALUES('S53-LKK','YUCW900924RPR');
INSERT INTO Fue_Propietario([Placas],[RFC]) VALUES('B33-FCZ','WIPN180601MKI');
INSERT INTO Fue_Propietario([Placas],[RFC]) VALUES('X67-NLX','QULO830401TIC');
INSERT INTO Fue_Propietario([Placas],[RFC]) VALUES('X47-BCR','LINR150404CYT');
INSERT INTO Fue_Propietario([Placas],[RFC]) VALUES('Q32-ZAL','XUQH730925BBI');
INSERT INTO Fue_Propietario([Placas],[RFC]) VALUES('O90-EJW','QAEP930227ADP');
INSERT INTO Fue_Propietario([Placas],[RFC]) VALUES('P90-PFA','DAPQ721103SAD');
INSERT INTO Fue_Propietario([Placas],[RFC]) VALUES('R40-ZDR','EIGN830527GXM');
INSERT INTO Fue_Propietario([Placas],[RFC]) VALUES('S64-MLE','AOTR800129MRV');
INSERT INTO Fue_Propietario([Placas],[RFC]) VALUES('D66-DBH','MOQX050802VZM');
INSERT INTO Fue_Propietario([Placas],[RFC]) VALUES('A39-HDR','CUCH751223ICK');
INSERT INTO Fue_Propietario([Placas],[RFC]) VALUES('G48-MEC','YUCW900924RPR');
INSERT INTO Fue_Propietario([Placas],[RFC]) VALUES('G60-IMN','YUSB120924NMY');
INSERT INTO Fue_Propietario([Placas],[RFC]) VALUES('R34-HPV','GIWI071119NEP');
INSERT INTO Fue_Propietario([Placas],[RFC]) VALUES('A20-OCH','FEGK761029KPL');
INSERT INTO Fue_Propietario([Placas],[RFC]) VALUES('H75-JGK','QULO830401TIC');
INSERT INTO Fue_Propietario([Placas],[RFC]) VALUES('K91-TTJ','JEUZ050314PZT');
INSERT INTO Fue_Propietario([Placas],[RFC]) VALUES('V58-KAA','CIPC820807MYV');
INSERT INTO Fue_Propietario([Placas],[RFC]) VALUES('H51-NRF','YOVE890723QBS');
INSERT INTO Fue_Propietario([Placas],[RFC]) VALUES('L47-URQ','RAVW840113YJO');
INSERT INTO Fue_Propietario([Placas],[RFC]) VALUES('U22-STO','AEWE821010CNM');
INSERT INTO Fue_Propietario([Placas],[RFC]) VALUES('G88-BWI','EUER710323MPN');
INSERT INTO Fue_Propietario([Placas],[RFC]) VALUES('F73-SOI','XUQH730925BBI');
INSERT INTO Fue_Propietario([Placas],[RFC]) VALUES('U77-PFY','AUWT781203XGN');
INSERT INTO Fue_Propietario([Placas],[RFC]) VALUES('H51-NRF','REIG020204KXB');
INSERT INTO Fue_Propietario([Placas],[RFC]) VALUES('R34-HPV','AERU010927DCC');
INSERT INTO Fue_Propietario([Placas],[RFC]) VALUES('H75-JGK','VAQR970924LJW');
INSERT INTO Fue_Propietario([Placas],[RFC]) VALUES('P90-PFA','NOJE900807JAD');
INSERT INTO Fue_Propietario([Placas],[RFC]) VALUES('Q13-QWA','YOZY960129EGN');
INSERT INTO Fue_Propietario([Placas],[RFC]) VALUES('Q13-QWA','YUCW900924RPR');
INSERT INTO Fue_Propietario([Placas],[RFC]) VALUES('E82-JMC','LAZB920708VUZ');

-- Tabla Multa

INSERT INTO Multa([Num_Tarjeta],[IdExpediente],[IdLicencia],[Estatus],[Importe]) VALUES(25,53,'S15215710','NO PAGADO','3799.04');
INSERT INTO Multa([Num_Tarjeta],[IdExpediente],[IdLicencia],[Estatus],[Importe]) VALUES(6,75,'Z80641415','NO PAGADO','5662.72');
INSERT INTO Multa([Num_Tarjeta],[IdExpediente],[IdLicencia],[Estatus],[Importe]) VALUES(44,77,'G44314266','NO PAGADO','2938.88');
INSERT INTO Multa([Num_Tarjeta],[IdExpediente],[IdLicencia],[Estatus],[Importe]) VALUES(18,67,'J67661937','NO PAGADO','1146.88');
INSERT INTO Multa([Num_Tarjeta],[IdExpediente],[IdLicencia],[Estatus],[Importe]) VALUES(67,74,'G81452809','NO PAGADO','4085.76');
INSERT INTO Multa([Num_Tarjeta],[IdExpediente],[IdLicencia],[Estatus],[Importe]) VALUES(83,84,'K50851985','PAGADO','1146.88');
INSERT INTO Multa([Num_Tarjeta],[IdExpediente],[IdLicencia],[Estatus],[Importe]) VALUES(75,68,'T12129290','PAGADO','5017.6');
INSERT INTO Multa([Num_Tarjeta],[IdExpediente],[IdLicencia],[Estatus],[Importe]) VALUES(52,88,'T25326201','NO PAGADO','2437.12');
INSERT INTO Multa([Num_Tarjeta],[IdExpediente],[IdLicencia],[Estatus],[Importe]) VALUES(19,51,'N15164348','NO PAGADO','1576.96');
INSERT INTO Multa([Num_Tarjeta],[IdExpediente],[IdLicencia],[Estatus],[Importe]) VALUES(69,73,'H18703123','PAGADO','1218.56');
INSERT INTO Multa([Num_Tarjeta],[IdExpediente],[IdLicencia],[Estatus],[Importe]) VALUES(25,61,'L99253986','NO PAGADO','1720.32');
INSERT INTO Multa([Num_Tarjeta],[IdExpediente],[IdLicencia],[Estatus],[Importe]) VALUES(92,63,'L74541442','PAGADO','5662.72');
INSERT INTO Multa([Num_Tarjeta],[IdExpediente],[IdLicencia],[Estatus],[Importe]) VALUES(16,54,'V72645919','PAGADO','3512.32');
INSERT INTO Multa([Num_Tarjeta],[IdExpediente],[IdLicencia],[Estatus],[Importe]) VALUES(27,59,'S33205500','NO PAGADO','3799.04');
INSERT INTO Multa([Num_Tarjeta],[IdExpediente],[IdLicencia],[Estatus],[Importe]) VALUES(84,57,'O31743687','NO PAGADO','4515.84');
INSERT INTO Multa([Num_Tarjeta],[IdExpediente],[IdLicencia],[Estatus],[Importe]) VALUES(19,50,'N15164348','NO PAGADO','1332.42');
INSERT INTO Multa([Num_Tarjeta],[IdExpediente],[IdLicencia],[Estatus],[Importe]) VALUES(24,82,'C21529852','NO PAGADO','3727.36');
INSERT INTO Multa([Num_Tarjeta],[IdExpediente],[IdLicencia],[Estatus],[Importe]) VALUES(64,91,'R12812610','PAGADO','2150.4');
INSERT INTO Multa([Num_Tarjeta],[IdExpediente],[IdLicencia],[Estatus],[Importe]) VALUES(53,85,'S33205500','PAGADO','5017.6');
INSERT INTO Multa([Num_Tarjeta],[IdExpediente],[IdLicencia],[Estatus],[Importe]) VALUES(25,94,'S15215710','NO PAGADO','4587.52');
INSERT INTO Multa([Num_Tarjeta],[IdExpediente],[IdLicencia],[Estatus],[Importe]) VALUES(70,65,'B50256270','NO PAGADO','1218.56');
INSERT INTO Multa([Num_Tarjeta],[IdExpediente],[IdLicencia],[Estatus],[Importe]) VALUES(73,83,'O23135982','NO PAGADO','1648.64');

